rank,market,region,tf,direction,factors,bt_n,bt_wr,bt_net_pct,bt_avg_per_trade_pct,bt_recent_n,bt_recent_wr,bt_recent_net_pct,live_n,live_wins,live_losses,live_pnl,live_open,verdict
41,ADA,CRYPTO,SWING_1d,SHORT,Price>SMA20+EMA20<EMA50+2Red,7.0,28.6,-4.1,-0.586,1.0,0.0,-2.3,1.0,0.0,1.0,-45.62,0,CONSISTENT-LOSS ✘
1,TRX,CRYPTO,INTRADAY_1h,SHORT,EMA9>EMA20+Price>SMA20+RSI<50,36.0,44.4,-11.41,-0.317,8.0,62.5,-2.04,3.0,0.0,3.0,-61.81,0,CONSISTENT-LOSS ✘
1,BTC,CRYPTO,INTRADAY_1h,SHORT,EMA9>EMA20+Price>SMA20+RSI<50,39.0,38.5,-11.3,-0.29,12.0,25.0,-7.38,2.0,1.0,1.0,-106.71,0,CONSISTENT-LOSS ✘
5,XLC,US,SWING_1d,LONG,Close>Open+Range<1%,10.0,10.0,-9.56,-0.956,1.0,0.0,-2.02,3.0,2.0,1.0,-194.98,0,CONSISTENT-LOSS ✘
4,XLI,US,SWING_1d,LONG,Range<1%+SMA20<EMA20,9.0,33.3,-8.18,-0.909,3.0,33.3,-3.13,2.0,1.0,1.0,-609.55,0,CONSISTENT-LOSS ✘
25,Nasdaq100,US,INTRADAY_1h,LONG,Close>Open+2Red,9.0,33.3,-2.28,-0.254,1.0,0.0,-0.33,1.0,0.0,1.0,-936.8,0,CONSISTENT-LOSS ✘
75,XLK_Tech,US,SWING_1d,LONG,Price>SMA50+EMA9<EMA20,6.0,33.3,-4.02,-0.67,1.0,0.0,-2.02,1.0,0.0,1.0,-1012.37,0,CONSISTENT-LOSS ✘
7,AVAX,CRYPTO,SWING_1d,LONG,RSI>65+EMA9>EMA20+Close<Open,3.0,0.0,-5.11,-1.704,2.0,0.0,-2.81,1.0,0.0,1.0,-1281.36,1,CONSISTENT-LOSS ✘
2,LINK,CRYPTO,INTRADAY_1h,SHORT,EMA9>EMA20+Price>SMA20+RSI<50,35.0,40.0,-12.79,-0.365,4.0,50.0,-2.83,1.0,0.0,1.0,-1450.26,0,CONSISTENT-LOSS ✘
3,XLK_Tech,US,INTRADAY_1h,LONG,Price>SMA20+Price<SMA50+EMA9>EMA20,6.0,100.0,8.5,1.416,2.0,100.0,2.15,3.0,3.0,0.0,3562.2,0,CONSISTENT-PROFIT ✔
4,XLV,US,SWING_1d,LONG,EMA9>EMA20+Range<1%,6.0,83.3,14.46,2.41,2.0,100.0,7.96,2.0,2.0,0.0,3099.78,1,CONSISTENT-PROFIT ✔
52,QQQ,US,SWING_1d,LONG,Price>SMA20+EMA9<EMA20+Close>Open,4.0,50.0,3.92,0.98,2.0,50.0,1.96,1.0,1.0,0.0,1979.47,0,CONSISTENT-PROFIT ✔
32,ETH,CRYPTO,SWING_1d,LONG,Price<SMA20+Price>SMA50+2Red,8.0,50.0,3.4,0.424,2.0,100.0,3.91,2.0,2.0,0.0,1660.8000000000002,0,CONSISTENT-PROFIT ✔
5,QQQ,US,INTRADAY_1h,LONG,Price>SMA20+Price<SMA50+EMA9>EMA20+EMA20<EMA50,15.0,53.3,4.32,0.288,5.0,100.0,4.93,2.0,2.0,0.0,1574.17,0,CONSISTENT-PROFIT ✔
6,Nasdaq100,US,INTRADAY_1h,LONG,Price>SMA20+Price<SMA50+EMA9>EMA20+EMA20<EMA50,15.0,53.3,4.31,0.287,5.0,100.0,4.94,2.0,2.0,0.0,1445.93,0,CONSISTENT-PROFIT ✔
14,IWM,US,INTRADAY_1h,SHORT,Price<SMA50+EMA9>EMA20+EMA20<EMA50+Close>Open,3.0,66.7,1.49,0.495,1.0,100.0,1.37,1.0,1.0,0.0,1163.12,0,CONSISTENT-PROFIT ✔
36,DIA,US,INTRADAY_1h,LONG,Price<SMA50+EMA9>EMA20+Close<Open+2Red,10.0,70.0,2.45,0.245,3.0,33.3,0.79,4.0,2.0,2.0,1144.54,0,CONSISTENT-PROFIT ✔
16,SP500,US,INTRADAY_1h,LONG,Price>SMA20+EMA9>EMA20+EMA20<EMA50+Close>Open,28.0,71.4,9.68,0.346,4.0,75.0,2.31,3.0,2.0,1.0,1033.27,0,CONSISTENT-PROFIT ✔
5,XLP,US,SWING_1d,LONG,Range<1%+SMA20<EMA20,14.0,50.0,1.15,0.082,1.0,0.0,-0.34,1.0,1.0,0.0,733.41,0,CONSISTENT-PROFIT ✔
31,SPY,US,INTRADAY_1h,LONG,Price>SMA50+EMA20<EMA50+Close<Open,7.0,85.7,6.78,0.969,4.0,100.0,4.95,1.0,1.0,0.0,679.01,0,CONSISTENT-PROFIT ✔
1,XLY,US,SWING_1d,LONG,EMA9<EMA50+RSI>50,15.0,66.7,12.27,0.818,3.0,100.0,5.23,1.0,1.0,0.0,623.43,0,CONSISTENT-PROFIT ✔
3,PHLX_Semi,US,SWING_1d,LONG,Price<SMA50+EMA20<EMA50+Close<Open,10.0,50.0,9.8,0.98,8.0,37.5,1.84,4.0,2.0,2.0,616.4499999999999,1,CONSISTENT-PROFIT ✔
37,QQQ,US,SWING_1d,LONG,Price>SMA50+EMA9>EMA20+2Red,14.0,50.0,8.78,0.627,4.0,0.0,-5.57,2.0,1.0,1.0,614.0,0,CONSISTENT-PROFIT ✔
32,SPY,US,INTRADAY_1h,LONG,Price>SMA20+EMA9>EMA20+EMA20<EMA50+Close>Open,28.0,67.9,9.15,0.327,4.0,75.0,2.3,2.0,1.0,1.0,372.8699999999999,0,CONSISTENT-PROFIT ✔
13,DIA,US,INTRADAY_1h,LONG,RSI<45+EMA20>EMA50+Close<Open+2Red,39.0,59.0,4.42,0.113,8.0,12.5,-1.81,1.0,1.0,0.0,298.29,0,CONSISTENT-PROFIT ✔
3,NYSE_Comp,US,SWING_1d,LONG,Range<1%+SMA20<EMA20,43.0,51.2,12.21,0.284,14.0,64.3,4.24,3.0,2.0,1.0,280.81,1,CONSISTENT-PROFIT ✔
64,Nasdaq100,US,SWING_1d,LONG,Price>SMA50+SMA20<SMA50,20.0,60.0,18.29,0.915,11.0,27.3,-9.56,1.0,1.0,0.0,210.39,0,CONSISTENT-PROFIT ✔
28,XLK_Tech,US,SWING_1d,LONG,Price>SMA50+EMA20>EMA50+2Red,12.0,33.3,0.44,0.037,4.0,25.0,-1.4,1.0,1.0,0.0,194.6,0,CONSISTENT-PROFIT ✔
46,PHLX_Semi,US,SWING_1d,LONG,Price>EMA20+SMA20<SMA50,18.0,55.6,23.64,1.313,10.0,30.0,-2.2,1.0,1.0,0.0,171.41,0,CONSISTENT-PROFIT ✔
45,Nasdaq100,US,SWING_1d,LONG,Close>Open+2Red,4.0,50.0,2.72,0.679,1.0,100.0,2.4,1.0,1.0,0.0,137.82,0,CONSISTENT-PROFIT ✔
50,QQQ,US,SWING_1d,LONG,Price>SMA50+EMA9<EMA20,6.0,50.0,2.77,0.462,2.0,50.0,-1.15,1.0,1.0,0.0,95.48,0,CONSISTENT-PROFIT ✔
1,TRX,CRYPTO,SWING_1d,LONG,EMA9>EMA20+Price>SMA50+Range<1%,36.0,80.6,29.9,0.831,12.0,83.3,13.05,3.0,2.0,1.0,32.78,1,CONSISTENT-PROFIT ✔
49,Nasdaq100,US,SWING_1d,LONG,Price>SMA50+EMA9<EMA20,6.0,50.0,2.74,0.457,2.0,50.0,-1.18,1.0,0.0,1.0,-605.18,0,LIVE-LOSS-BT-PROFIT ~
4,SP100,US,SWING_1d,LONG,EMA9>EMA20+Price>SMA20+Range<1%,45.0,53.3,10.34,0.23,11.0,18.2,-6.23,3.0,0.0,3.0,-651.74,1,LIVE-LOSS-BT-PROFIT ~
31,Nasdaq100,US,SWING_1d,LONG,Price>SMA50+2Red,14.0,50.0,8.65,0.618,4.0,0.0,-5.57,2.0,0.0,2.0,-809.27,0,LIVE-LOSS-BT-PROFIT ~
2,Dow_Trans,US,SWING_1d,LONG,Price>SMA20+SMA20<SMA50,15.0,66.7,31.06,2.07,4.0,0.0,-6.72,1.0,0.0,1.0,-894.57,1,LIVE-LOSS-BT-PROFIT ~
43,PHLX_Semi,US,SWING_1d,LONG,RSI>50+SMA20<SMA50,15.0,53.3,17.7,1.18,7.0,14.3,-8.14,1.0,0.0,1.0,-988.87,0,LIVE-LOSS-BT-PROFIT ~
4,XLK,US,SWING_1d,LONG,Price>SMA20+SMA20<SMA50,24.0,54.2,25.24,1.052,14.0,21.4,-14.37,1.0,0.0,1.0,-999.82,0,LIVE-LOSS-BT-PROFIT ~
47,PHLX_Semi,US,SWING_1d,LONG,Price>SMA50+SMA20<SMA50,6.0,83.3,17.88,2.98,1.0,0.0,-2.02,1.0,0.0,1.0,-1035.78,0,LIVE-LOSS-BT-PROFIT ~
68,QQQ,US,SWING_1d,LONG,Price>SMA50+SMA20<SMA50,20.0,60.0,18.31,0.915,11.0,27.3,-9.51,1.0,0.0,1.0,-1043.56,0,LIVE-LOSS-BT-PROFIT ~
3,XLK,US,SWING_1d,LONG,RSI>50+SMA20<SMA50,21.0,61.9,31.3,1.49,11.0,27.3,-8.31,3.0,1.0,2.0,-1262.2,0,LIVE-LOSS-BT-PROFIT ~
1,AVAX,CRYPTO,INTRADAY_1h,SHORT,EMA9>EMA20+Price>SMA20+RSI<50,43.0,44.2,1.26,0.029,11.0,18.2,-7.19,2.0,0.0,2.0,-1954.63,0,LIVE-LOSS-BT-PROFIT ~
2,XLB,US,SWING_1d,LONG,EMA9>EMA20+Price>SMA20+Range<1%,8.0,37.5,-1.84,-0.23,3.0,66.7,4.29,2.0,1.0,1.0,298.37,0,LIVE-PROFIT-BT-LOSS ⚠
3,XLE,US,SWING_1d,LONG,EMA9>EMA50+Range<1%,1.0,0.0,-0.92,-0.915,1.0,0.0,-0.92,1.0,1.0,0.0,35.91,0,LIVE-PROFIT-BT-LOSS ⚠
4,ADA,CRYPTO,SWING_1d,SHORT,Price<SMA50+EMA9>EMA20+Range>1.5%,10.0,60.0,13.0,1.3,0.0,0.0,0.0,,,,,0,NOT-TRADED-LIVE
5,ADA,CRYPTO,SWING_1d,SHORT,Price<SMA50+EMA9>EMA20,10.0,60.0,13.0,1.3,0.0,0.0,0.0,,,,,0,NOT-TRADED-LIVE
6,ADA,CRYPTO,SWING_1d,SHORT,Price<SMA50+EMA9>EMA20+EMA20<EMA50,9.0,55.6,9.3,1.033,0.0,0.0,0.0,,,,,0,NOT-TRADED-LIVE
15,ADA,CRYPTO,INTRADAY_1h,SHORT,Price<SMA20+Price>SMA50+EMA9<EMA20+Range>1.5%,8.0,37.5,-0.9,-0.112,5.0,20.0,-4.5,,,,,0,NOT-TRADED-LIVE
15,ADA,CRYPTO,SWING_1d,SHORT,Price>SMA20+Price<SMA50+EMA9>EMA20,8.0,50.0,5.6,0.7,0.0,0.0,0.0,,,,,0,NOT-TRADED-LIVE
16,ADA,CRYPTO,INTRADAY_1h,SHORT,Price>SMA20+RSI<45,26.0,46.2,3.21,0.123,8.0,50.0,-1.44,,,,,0,NOT-TRADED-LIVE
44,ADA,CRYPTO,SWING_1d,SHORT,Price>SMA20+Price<SMA50+2Red,6.0,33.3,-1.8,-0.3,0.0,0.0,0.0,,,,,0,NOT-TRADED-LIVE
8,AVAX,CRYPTO,SWING_1d,LONG,RSI>65+Close<Open,3.0,0.0,-5.11,-1.704,2.0,0.0,-2.81,,,,,0,NOT-TRADED-LIVE
9,AVAX,CRYPTO,SWING_1d,LONG,RSI>65+Range>1.5%+Close<Open,3.0,0.0,-5.11,-1.704,2.0,0.0,-2.81,,,,,0,NOT-TRADED-LIVE
10,AVAX,CRYPTO,SWING_1d,SHORT,Price<SMA20+Price>SMA50+Close>Open,1.0,100.0,3.7,3.7,0.0,0.0,0.0,,,,,0,NOT-TRADED-LIVE
11,AVAX,CRYPTO,SWING_1d,LONG,RSI>65+EMA20>EMA50+Close<Open,3.0,0.0,-5.11,-1.704,2.0,0.0,-2.81,,,,,0,NOT-TRADED-LIVE
12,AVAX,CRYPTO,SWING_1d,LONG,RSI>65+Price>SMA20+Close<Open,3.0,0.0,-5.11,-1.704,2.0,0.0,-2.81,,,,,0,NOT-TRADED-LIVE
17,AVAX,CRYPTO,SWING_1d,LONG,RSI>65+Price>SMA50+Close<Open,3.0,0.0,-5.11,-1.704,2.0,0.0,-2.81,,,,,0,NOT-TRADED-LIVE
1,BNB,CRYPTO,INTRADAY_1h,SHORT,Price>SMA20+RSI<45,31.0,58.1,11.08,0.357,0.0,0.0,0.0,,,,,0,NOT-TRADED-LIVE
26,BNB,CRYPTO,SWING_1d,LONG,RSI<45+EMA20>EMA50+2Red,4.0,50.0,2.8,0.7,0.0,0.0,0.0,,,,,0,NOT-TRADED-LIVE
27,DIA,US,INTRADAY_1h,LONG,Price<SMA20+EMA9>EMA20+Close<Open+2Red,28.0,64.3,7.88,0.282,8.0,62.5,-0.23,,,,,0,NOT-TRADED-LIVE
34,DIA,US,INTRADAY_1h,LONG,Price<SMA50+EMA9>EMA20+EMA20>EMA50,17.0,70.6,1.69,0.099,2.0,0.0,-0.79,,,,,0,NOT-TRADED-LIVE
72,DIA,US,SWING_1d,LONG,EMA9>EMA20+EMA20<EMA50+Close<Open,3.0,100.0,6.65,2.218,0.0,0.0,0.0,,,,,0,NOT-TRADED-LIVE
73,DIA,US,SWING_1d,LONG,Price>EMA9+SMA20<SMA50,18.0,83.3,28.52,1.585,0.0,0.0,0.0,,,,,0,NOT-TRADED-LIVE
74,DIA,US,SWING_1d,LONG,EMA20<EMA50+Price>SMA20,10.0,90.0,19.07,1.907,0.0,0.0,0.0,,,,,0,NOT-TRADED-LIVE
75,DIA,US,SWING_1d,LONG,Price>SMA20+SMA20<SMA50,15.0,80.0,18.56,1.237,0.0,0.0,0.0,,,,,0,NOT-TRADED-LIVE
77,DIA,US,SWING_1d,LONG,EMA20<EMA50+RSI>50,8.0,87.5,11.82,1.477,0.0,0.0,0.0,,,,,0,NOT-TRADED-LIVE
1,DOGE,CRYPTO,INTRADAY_1h,SHORT,Price>SMA20+RSI<45,24.0,66.7,26.72,1.113,0.0,0.0,0.0,,,,,0,NOT-TRADED-LIVE
65,DOGE,CRYPTO,SWING_1d,SHORT,EMA9>EMA20+EMA20<EMA50+2Red,1.0,0.0,-2.3,-2.3,0.0,0.0,0.0,,,,,0,NOT-TRADED-LIVE
1,ETH,CRYPTO,INTRADAY_1h,SHORT,Price>SMA20+RSI<45,27.0,63.0,12.41,0.46,10.0,80.0,5.53,,,,,0,NOT-TRADED-LIVE
13,ETH,CRYPTO,SWING_1d,LONG,EMA20>EMA50+Range>1.5%+2Red,12.0,41.7,0.2,0.016,2.0,100.0,3.91,,,,,0,NOT-TRADED-LIVE
14,ETH,CRYPTO,SWING_1d,LONG,Price>SMA50+Range>1.5%+2Red,13.0,61.5,15.9,1.223,2.0,100.0,3.91,,,,,0,NOT-TRADED-LIVE
16,ETH,CRYPTO,SWING_1d,LONG,Price<SMA20+EMA20>EMA50+2Red,9.0,33.3,-4.9,-0.545,2.0,100.0,3.91,,,,,0,NOT-TRADED-LIVE
21,ETH,CRYPTO,SWING_1d,LONG,Price>SMA50+2Red,13.0,61.5,15.9,1.223,2.0,100.0,3.91,,,,,0,NOT-TRADED-LIVE
22,ETH,CRYPTO,SWING_1d,LONG,Price>SMA50+Close<Open+2Red,13.0,61.5,15.9,1.223,2.0,100.0,3.91,,,,,0,NOT-TRADED-LIVE
39,ETH,CRYPTO,SWING_1d,LONG,RSI<45+EMA20>EMA50+2Red,2.0,0.0,-4.6,-2.3,0.0,0.0,0.0,,,,,0,NOT-TRADED-LIVE
60,ETH,CRYPTO,SWING_1d,LONG,Price<SMA20+EMA9>EMA20+2Red,7.0,42.9,-0.3,-0.043,2.0,100.0,3.91,,,,,0,NOT-TRADED-LIVE
1,IBB,US,SWING_1d,LONG,EMA9<EMA50+Price>EMA20,15.0,46.7,2.48,0.166,0.0,0.0,0.0,,,,,0,NOT-TRADED-LIVE
2,IBB,US,SWING_1d,LONG,EMA9<EMA50+Price>SMA20,14.0,50.0,3.3,0.236,0.0,0.0,0.0,,,,,0,NOT-TRADED-LIVE
3,IBB,US,SWING_1d,LONG,Price>EMA20+SMA20<SMA50,25.0,52.0,19.33,0.773,0.0,0.0,0.0,,,,,0,NOT-TRADED-LIVE
4,IBB,US,SWING_1d,LONG,EMA9<EMA50+RSI>50,15.0,46.7,2.48,0.166,0.0,0.0,0.0,,,,,0,NOT-TRADED-LIVE
5,IBB,US,SWING_1d,LONG,EMA9<EMA50+Price>EMA50,12.0,50.0,2.54,0.212,0.0,0.0,0.0,,,,,0,NOT-TRADED-LIVE
1,Russell1000,US,SWING_1d,LONG,Price>EMA9+SMA20<SMA50,16.0,93.8,38.42,2.401,0.0,0.0,0.0,,,,,0,NOT-TRADED-LIVE
2,Russell1000,US,SWING_1d,LONG,Price>SMA20+SMA20<SMA50,13.0,92.3,27.41,2.108,0.0,0.0,0.0,,,,,0,NOT-TRADED-LIVE
3,Russell1000,US,SWING_1d,LONG,Price>EMA20+SMA20<SMA50,13.0,92.3,27.41,2.108,0.0,0.0,0.0,,,,,0,NOT-TRADED-LIVE
4,Russell1000,US,SWING_1d,LONG,RSI>50+SMA20<SMA50,11.0,90.9,19.45,1.768,0.0,0.0,0.0,,,,,0,NOT-TRADED-LIVE
5,Russell1000,US,SWING_1d,LONG,Price>EMA50+SMA20<SMA50,11.0,90.9,19.45,1.768,0.0,0.0,0.0,,,,,0,NOT-TRADED-LIVE
1,IWM,US,SWING_1d,LONG,Price>SMA20+SMA20<SMA50,13.0,92.3,39.15,3.012,0.0,0.0,0.0,,,,,0,NOT-TRADED-LIVE
2,IWM,US,SWING_1d,LONG,Price>SMA50+SMA20<SMA50,9.0,88.9,23.23,2.581,0.0,0.0,0.0,,,,,0,NOT-TRADED-LIVE
3,IWM,US,SWING_1d,LONG,Price>EMA9+SMA20<SMA50,14.0,92.9,43.13,3.081,0.0,0.0,0.0,,,,,0,NOT-TRADED-LIVE
4,IWM,US,SWING_1d,LONG,Price>EMA20+SMA20<SMA50,13.0,92.3,39.15,3.012,0.0,0.0,0.0,,,,,0,NOT-TRADED-LIVE
5,IWM,US,SWING_1d,LONG,RSI>50+SMA20<SMA50,12.0,91.7,35.17,2.931,0.0,0.0,0.0,,,,,0,NOT-TRADED-LIVE
8,IWM,US,INTRADAY_1h,SHORT,Price>SMA20+Range>1.5%,6.0,33.3,0.02,0.004,0.0,0.0,0.0,,,,,0,NOT-TRADED-LIVE
35,IWM,US,INTRADAY_1h,LONG,Price<SMA20+Price>SMA50+EMA9<EMA20,17.0,82.4,10.55,0.621,1.0,0.0,-0.24,,,,,0,NOT-TRADED-LIVE
1,LINK,CRYPTO,INTRADAY_1h,SHORT,Price>SMA20+RSI<45,15.0,66.7,3.76,0.251,3.0,66.7,2.49,,,,,0,NOT-TRADED-LIVE
1,SP100,US,SWING_1d,LONG,Price>EMA9+SMA20<SMA50,29.0,75.9,47.32,1.632,2.0,100.0,7.96,,,,,0,NOT-TRADED-LIVE
2,SP100,US,SWING_1d,LONG,Price>EMA20+SMA20<SMA50,25.0,68.0,25.52,1.021,1.0,100.0,3.98,,,,,0,NOT-TRADED-LIVE
3,SP100,US,SWING_1d,LONG,Price>SMA20+SMA20<SMA50,27.0,63.0,23.48,0.869,1.0,100.0,3.98,,,,,0,NOT-TRADED-LIVE
5,SP100,US,SWING_1d,LONG,RSI>50+SMA20<SMA50,24.0,66.7,21.54,0.897,1.0,100.0,3.98,,,,,0,NOT-TRADED-LIVE
10,QQQ,US,INTRADAY_1h,LONG,Price<SMA50+EMA9>EMA20+EMA20<EMA50,16.0,50.0,3.3,0.206,5.0,100.0,4.93,,,,,0,NOT-TRADED-LIVE
26,QQQ,US,INTRADAY_1h,LONG,Price<SMA50+EMA9>EMA20+EMA20<EMA50+Close>Open,9.0,55.6,2.34,0.26,2.0,100.0,1.65,,,,,0,NOT-TRADED-LIVE
28,QQQ,US,INTRADAY_1h,LONG,Price>SMA50+EMA9<EMA20+Close<Open,9.0,55.6,1.05,0.117,1.0,100.0,1.22,,,,,0,NOT-TRADED-LIVE
38,QQQ,US,SWING_1d,LONG,Price>SMA50+2Red,14.0,50.0,8.78,0.627,4.0,0.0,-5.57,,,,,0,NOT-TRADED-LIVE
54,QQQ,US,SWING_1d,LONG,Price>SMA50+EMA9<EMA20+EMA20>EMA50,3.0,33.3,-0.06,-0.02,0.0,0.0,0.0,,,,,0,NOT-TRADED-LIVE
58,QQQ,US,SWING_1d,LONG,Price>SMA50+EMA9<EMA20+Close>Open,2.0,0.0,-4.04,-2.02,1.0,0.0,-2.02,,,,,0,NOT-TRADED-LIVE
63,QQQ,US,SWING_1d,LONG,EMA9>EMA20+Close>Open+2Red,3.0,66.7,4.38,1.459,1.0,100.0,2.42,,,,,0,NOT-TRADED-LIVE
64,QQQ,US,SWING_1d,LONG,Price>EMA20+SMA20<SMA50,24.0,66.7,32.67,1.361,13.0,38.5,-3.12,,,,,0,NOT-TRADED-LIVE
65,QQQ,US,SWING_1d,LONG,Price>EMA9+SMA20<SMA50,26.0,69.2,39.99,1.538,12.0,50.0,4.27,,,,,0,NOT-TRADED-LIVE
66,QQQ,US,SWING_1d,LONG,RSI>50+SMA20<SMA50,23.0,60.9,23.69,1.03,14.0,35.7,-4.13,,,,,1,NOT-TRADED-LIVE
67,QQQ,US,SWING_1d,LONG,2Red+EMA20>EMA50+Price>SMA50,14.0,50.0,8.78,0.627,4.0,0.0,-5.57,,,,,0,NOT-TRADED-LIVE
1,SOL,CRYPTO,INTRADAY_1h,SHORT,EMA9>EMA20+Price>SMA20+RSI<50,33.0,54.5,3.84,0.116,4.0,25.0,-4.89,,,,,0,NOT-TRADED-LIVE
33,SPY,US,INTRADAY_1h,LONG,Price>SMA50+EMA9>EMA20+EMA20<EMA50+Close<Open,7.0,85.7,6.78,0.969,4.0,100.0,4.95,,,,,0,NOT-TRADED-LIVE
37,SPY,US,INTRADAY_1h,LONG,Price>SMA50+EMA9<EMA20+EMA20>EMA50+Close>Open,23.0,43.5,-3.37,-0.147,0.0,0.0,0.0,,,,,0,NOT-TRADED-LIVE
51,SPY,US,SWING_1d,LONG,Price>SMA20+Price>SMA50+EMA20<EMA50,6.0,100.0,16.91,2.819,0.0,0.0,0.0,,,,,0,NOT-TRADED-LIVE
68,SPY,US,SWING_1d,LONG,Price>SMA50+EMA20<EMA50+Close>Open,4.0,100.0,9.41,2.353,0.0,0.0,0.0,,,,,0,NOT-TRADED-LIVE
69,SPY,US,SWING_1d,LONG,Price>EMA9+SMA20<SMA50,16.0,100.0,39.62,2.477,0.0,0.0,0.0,,,,,0,NOT-TRADED-LIVE
70,SPY,US,SWING_1d,LONG,Price>EMA20+SMA20<SMA50,13.0,100.0,28.32,2.178,0.0,0.0,0.0,,,,,0,NOT-TRADED-LIVE
71,SPY,US,SWING_1d,LONG,Price>SMA20+SMA20<SMA50,13.0,100.0,28.32,2.178,0.0,0.0,0.0,,,,,0,NOT-TRADED-LIVE
72,SPY,US,SWING_1d,LONG,RSI>50+SMA20<SMA50,11.0,100.0,20.36,1.851,0.0,0.0,0.0,,,,,0,NOT-TRADED-LIVE
73,SPY,US,SWING_1d,LONG,Price>EMA50+SMA20<SMA50,11.0,100.0,20.36,1.851,0.0,0.0,0.0,,,,,0,NOT-TRADED-LIVE
2,TRX,CRYPTO,SWING_1d,LONG,Price>SMA50+Range<1%,40.0,82.5,32.9,0.823,15.0,86.7,15.29,,,,,0,NOT-TRADED-LIVE
3,TRX,CRYPTO,SWING_1d,LONG,EMA9>EMA20+Range<1%,40.0,80.0,29.71,0.743,13.0,84.6,13.35,,,,,0,NOT-TRADED-LIVE
4,TRX,CRYPTO,SWING_1d,LONG,EMA9>EMA20+Price>EMA50+Range<1%,33.0,75.8,22.76,0.69,9.0,77.8,9.33,,,,,0,NOT-TRADED-LIVE
5,TRX,CRYPTO,SWING_1d,LONG,EMA9>EMA50+Range<1%,29.0,82.8,26.73,0.922,8.0,75.0,7.96,,,,,0,NOT-TRADED-LIVE
1,XLB,US,SWING_1d,LONG,EMA20<EMA50+EMA9>EMA20,1.0,0.0,-2.02,-2.02,1.0,0.0,-2.02,,,,,0,NOT-TRADED-LIVE
3,XLB,US,SWING_1d,LONG,EMA9>EMA20+Price>EMA20+Range<1%,10.0,40.0,-3.42,-0.342,3.0,66.7,4.29,,,,,0,NOT-TRADED-LIVE
4,XLB,US,SWING_1d,LONG,EMA9<EMA50+Price>EMA50,9.0,55.6,5.89,0.655,1.0,0.0,-2.02,,,,,0,NOT-TRADED-LIVE
5,XLB,US,SWING_1d,LONG,EMA9>EMA20+Range<1%,10.0,40.0,-3.42,-0.342,3.0,66.7,4.29,,,,,0,NOT-TRADED-LIVE
2,XLC,US,SWING_1d,LONG,Price>EMA20+Range<1%,12.0,8.3,-14.69,-1.224,1.0,0.0,-2.02,,,,,0,NOT-TRADED-LIVE
3,XLC,US,SWING_1d,LONG,Price>EMA9+Range<1%,12.0,25.0,-7.4,-0.616,1.0,0.0,-2.02,,,,,0,NOT-TRADED-LIVE
4,XLC,US,SWING_1d,LONG,Price>SMA20+Range<1%,13.0,15.4,-14.59,-1.123,2.0,50.0,-0.37,,,,,0,NOT-TRADED-LIVE
55,XLC_Comm,US,SWING_1d,LONG,Price>SMA20+Price<SMA50+EMA9<EMA20,9.0,66.7,12.69,1.41,0.0,0.0,0.0,,,,,0,NOT-TRADED-LIVE
1,XLE,US,SWING_1d,LONG,Price>EMA9+Range<1%,1.0,0.0,-0.92,-0.915,1.0,0.0,-0.92,,,,,0,NOT-TRADED-LIVE
2,XLE,US,SWING_1d,LONG,Price>EMA20+Range<1%,1.0,0.0,-0.92,-0.915,1.0,0.0,-0.92,,,,,0,NOT-TRADED-LIVE
4,XLE,US,SWING_1d,LONG,Price>SMA50+Range<1%,1.0,0.0,-0.92,-0.915,1.0,0.0,-0.92,,,,,0,NOT-TRADED-LIVE
5,XLE,US,SWING_1d,LONG,Close>Open+Range<1%,2.0,0.0,-2.94,-1.468,1.0,0.0,-0.92,,,,,0,NOT-TRADED-LIVE
1,XLF,US,SWING_1d,LONG,Price>SMA20+SMA20<SMA50,15.0,66.7,19.63,1.308,0.0,0.0,0.0,,,,,0,NOT-TRADED-LIVE
2,XLF,US,SWING_1d,LONG,Price>EMA9+SMA20<SMA50,16.0,68.8,23.61,1.475,0.0,0.0,0.0,,,,,0,NOT-TRADED-LIVE
3,XLF,US,SWING_1d,LONG,Price>EMA50+SMA20<SMA50,10.0,50.0,0.16,0.016,0.0,0.0,0.0,,,,,0,NOT-TRADED-LIVE
4,XLF,US,SWING_1d,LONG,Price>EMA20+SMA20<SMA50,13.0,61.5,11.67,0.897,0.0,0.0,0.0,,,,,0,NOT-TRADED-LIVE
5,XLF,US,SWING_1d,LONG,Price>SMA50+SMA20<SMA50,10.0,50.0,0.16,0.016,0.0,0.0,0.0,,,,,0,NOT-TRADED-LIVE
29,XLF_Fin,US,INTRADAY_1h,SHORT,Price<SMA50+EMA9>EMA20+EMA20<EMA50+2Red,12.0,58.3,0.01,0.001,0.0,0.0,0.0,,,,,0,NOT-TRADED-LIVE
39,XLF_Fin,US,INTRADAY_1h,SHORT,RSI>65+Price>SMA20+2Red,15.0,40.0,-2.96,-0.197,1.0,0.0,-0.28,,,,,0,NOT-TRADED-LIVE
40,XLF_Fin,US,INTRADAY_1h,SHORT,RSI>65+EMA9>EMA20+2Red,15.0,40.0,-2.96,-0.197,1.0,0.0,-0.28,,,,,0,NOT-TRADED-LIVE
1,XLI,US,SWING_1d,LONG,EMA20<EMA50+Price>SMA20,5.0,80.0,8.41,1.683,0.0,0.0,0.0,,,,,0,NOT-TRADED-LIVE
2,XLI,US,SWING_1d,LONG,Price>SMA20+SMA20<SMA50,16.0,43.8,2.87,0.179,0.0,0.0,0.0,,,,,0,NOT-TRADED-LIVE
3,XLI,US,SWING_1d,LONG,EMA20<EMA50+RSI>50,3.0,66.7,0.45,0.151,0.0,0.0,0.0,,,,,0,NOT-TRADED-LIVE
5,XLI,US,SWING_1d,LONG,EMA20<EMA50+Price>EMA20,3.0,66.7,0.45,0.151,0.0,0.0,0.0,,,,,0,NOT-TRADED-LIVE
48,XLI_Indust,US,SWING_1d,LONG,Price>SMA50+EMA9>EMA20+EMA20<EMA50,2.0,50.0,0.04,0.02,0.0,0.0,0.0,,,,,0,NOT-TRADED-LIVE
1,XLK_Tech,US,INTRADAY_1h,LONG,Price<SMA50+EMA9>EMA20+EMA20<EMA50,9.0,66.7,6.08,0.676,2.0,100.0,2.15,,,,,0,NOT-TRADED-LIVE
1,XLK,US,SWING_1d,LONG,Price>EMA9+SMA20<SMA50,27.0,63.0,43.18,1.599,13.0,46.2,5.65,,,,,0,NOT-TRADED-LIVE
2,XLK_Tech,US,INTRADAY_1h,LONG,Price<SMA50+EMA9>EMA20,12.0,66.7,7.44,0.62,2.0,100.0,2.15,,,,,0,NOT-TRADED-LIVE
2,XLK,US,SWING_1d,LONG,Price>EMA20+SMA20<SMA50,23.0,65.2,39.26,1.707,12.0,33.3,-4.33,,,,,0,NOT-TRADED-LIVE
4,XLK_Tech,US,INTRADAY_1h,LONG,Price>SMA20+Price<SMA50+EMA9>EMA20+EMA20<EMA50,6.0,100.0,8.5,1.416,2.0,100.0,2.15,,,,,0,NOT-TRADED-LIVE
5,XLK,US,SWING_1d,LONG,EMA20<EMA50+Price>SMA20,7.0,100.0,27.86,3.98,0.0,0.0,0.0,,,,,0,NOT-TRADED-LIVE
7,XLK_Tech,US,INTRADAY_1h,LONG,Price>SMA20+Price<SMA50+EMA9>EMA20+Close>Open,4.0,100.0,6.34,1.586,0.0,0.0,0.0,,,,,0,NOT-TRADED-LIVE
11,XLK_Tech,US,INTRADAY_1h,LONG,Price<SMA50+EMA9>EMA20+EMA20<EMA50+Close>Open,5.0,80.0,5.32,1.065,0.0,0.0,0.0,,,,,0,NOT-TRADED-LIVE
12,XLK_Tech,US,INTRADAY_1h,LONG,Price<SMA50+EMA9>EMA20+Close>Open,6.0,66.7,4.3,0.717,0.0,0.0,0.0,,,,,0,NOT-TRADED-LIVE
18,XLK_Tech,US,SWING_1d,LONG,RSI<45+EMA9<EMA20+EMA20<EMA50,2.0,100.0,7.96,3.98,0.0,0.0,0.0,,,,,0,NOT-TRADED-LIVE
19,XLK_Tech,US,INTRADAY_1h,LONG,Price<SMA50+EMA9>EMA20+2Red,4.0,75.0,3.53,0.882,1.0,100.0,1.53,,,,,0,NOT-TRADED-LIVE
19,XLK_Tech,US,SWING_1d,LONG,RSI<45+EMA20<EMA50,2.0,100.0,7.96,3.98,0.0,0.0,0.0,,,,,0,NOT-TRADED-LIVE
20,XLK_Tech,US,INTRADAY_1h,LONG,Price<SMA50+EMA9>EMA20+Close<Open+2Red,4.0,75.0,3.53,0.882,1.0,100.0,1.53,,,,,0,NOT-TRADED-LIVE
20,XLK_Tech,US,SWING_1d,LONG,RSI<45+Price<SMA50+EMA20<EMA50,2.0,100.0,7.96,3.98,0.0,0.0,0.0,,,,,0,NOT-TRADED-LIVE
21,XLK_Tech,US,INTRADAY_1h,LONG,Price<SMA50+EMA9>EMA20+Close<Open,6.0,66.7,3.13,0.522,2.0,100.0,2.15,,,,,0,NOT-TRADED-LIVE
23,XLK_Tech,US,INTRADAY_1h,LONG,Price<SMA50+EMA9>EMA20+EMA20<EMA50+Close<Open,4.0,50.0,0.76,0.19,2.0,100.0,2.15,,,,,0,NOT-TRADED-LIVE
25,XLK_Tech,US,SWING_1d,LONG,Price>SMA50+2Red,12.0,33.3,0.44,0.037,4.0,25.0,-1.4,,,,,0,NOT-TRADED-LIVE
27,XLK_Tech,US,SWING_1d,LONG,Price>SMA50+EMA9>EMA20+2Red,12.0,33.3,0.44,0.037,4.0,25.0,-1.4,,,,,0,NOT-TRADED-LIVE
34,XLK_Tech,US,SWING_1d,LONG,EMA9>EMA20+2Red,12.0,33.3,0.44,0.037,4.0,25.0,-1.4,,,,,0,NOT-TRADED-LIVE
36,XLK_Tech,US,SWING_1d,LONG,EMA9>EMA20+EMA20>EMA50+2Red,12.0,33.3,0.44,0.037,4.0,25.0,-1.4,,,,,0,NOT-TRADED-LIVE
1,XLP,US,SWING_1d,LONG,EMA20<EMA50+Price>SMA20,17.0,64.7,4.08,0.24,0.0,0.0,0.0,,,,,0,NOT-TRADED-LIVE
2,XLP,US,SWING_1d,LONG,Price>SMA20+SMA20<SMA50,25.0,60.0,1.46,0.058,0.0,0.0,0.0,,,,,0,NOT-TRADED-LIVE
3,XLP,US,SWING_1d,LONG,EMA20<EMA50+Price>EMA20,13.0,69.2,5.72,0.44,0.0,0.0,0.0,,,,,0,NOT-TRADED-LIVE
4,XLP,US,SWING_1d,LONG,EMA20<EMA50+Range<1%,5.0,100.0,7.46,1.493,0.0,0.0,0.0,,,,,0,NOT-TRADED-LIVE
1,XLRE,US,SWING_1d,LONG,EMA9<EMA50+Price>SMA20,5.0,100.0,14.64,2.928,0.0,0.0,0.0,,,,,0,NOT-TRADED-LIVE
2,XLRE,US,SWING_1d,LONG,EMA20<EMA50+Price>SMA20,7.0,100.0,22.36,3.195,0.0,0.0,0.0,,,,,0,NOT-TRADED-LIVE
3,XLRE,US,SWING_1d,LONG,EMA20<EMA50+RSI>50,7.0,100.0,22.36,3.195,0.0,0.0,0.0,,,,,0,NOT-TRADED-LIVE
4,XLRE,US,SWING_1d,LONG,EMA9<EMA50+RSI>50,5.0,100.0,14.64,2.928,0.0,0.0,0.0,,,,,0,NOT-TRADED-LIVE
5,XLRE,US,SWING_1d,LONG,EMA20<EMA50+EMA9>EMA20,3.0,100.0,10.23,3.411,0.0,0.0,0.0,,,,,0,NOT-TRADED-LIVE
57,XLRE_RE,US,SWING_1d,LONG,Price>SMA20+EMA9<EMA20+Close<Open,1.0,100.0,0.53,0.535,1.0,100.0,0.53,,,,,1,NOT-TRADED-LIVE
1,XLU,US,SWING_1d,LONG,Price>SMA20+SMA20<SMA50,28.0,50.0,-8.08,-0.289,0.0,0.0,0.0,,,,,0,NOT-TRADED-LIVE
2,XLU,US,SWING_1d,LONG,EMA20<EMA50+EMA9>EMA20,7.0,42.9,-3.52,-0.503,0.0,0.0,0.0,,,,,0,NOT-TRADED-LIVE
3,XLU,US,SWING_1d,LONG,EMA20<EMA50+Price>SMA20,14.0,57.1,0.91,0.065,0.0,0.0,0.0,,,,,0,NOT-TRADED-LIVE
4,XLU,US,SWING_1d,LONG,EMA9>EMA20+SMA20<SMA50,18.0,27.8,-17.56,-0.975,0.0,0.0,0.0,,,,,0,NOT-TRADED-LIVE
5,XLU,US,SWING_1d,LONG,EMA9<EMA50+Price>SMA20,10.0,70.0,6.19,0.619,0.0,0.0,0.0,,,,,0,NOT-TRADED-LIVE
1,XLV,US,SWING_1d,LONG,EMA20<EMA50+Range<1%,8.0,75.0,4.48,0.56,0.0,0.0,0.0,,,,,0,NOT-TRADED-LIVE
2,XLV,US,SWING_1d,LONG,EMA20<EMA50+EMA9>EMA20,12.0,58.3,8.15,0.679,0.0,0.0,0.0,,,,,0,NOT-TRADED-LIVE
3,XLV,US,SWING_1d,LONG,EMA20<EMA50+Price>SMA20,24.0,45.8,-2.35,-0.098,0.0,0.0,0.0,,,,,0,NOT-TRADED-LIVE
5,XLV,US,SWING_1d,LONG,EMA20<EMA50+Price>EMA50,8.0,37.5,-3.32,-0.414,0.0,0.0,0.0,,,,,0,NOT-TRADED-LIVE
43,XLV_Health,US,SWING_1d,LONG,RSI<45+Price<SMA50+Range>1.5%,2.0,50.0,0.41,0.204,0.0,0.0,0.0,,,,,0,NOT-TRADED-LIVE
2,XLY,US,SWING_1d,LONG,EMA20<EMA50+RSI>50,24.0,50.0,0.93,0.039,6.0,66.7,3.44,,,,,0,NOT-TRADED-LIVE
3,XLY,US,SWING_1d,LONG,EMA9<EMA50+Price>EMA20,17.0,64.7,14.23,0.837,3.0,100.0,5.23,,,,,0,NOT-TRADED-LIVE
4,XLY,US,SWING_1d,LONG,EMA20<EMA50+Price>EMA20,25.0,52.0,4.91,0.196,6.0,66.7,3.44,,,,,0,NOT-TRADED-LIVE
1,XRP,CRYPTO,INTRADAY_1h,SHORT,Price>SMA20+RSI<45,20.0,30.0,-7.14,-0.357,4.0,25.0,-4.13,,,,,0,NOT-TRADED-LIVE
81,XRP,CRYPTO,SWING_1d,SHORT,Price<SMA50+EMA20>EMA50+Close>Open,0.0,0.0,0.0,0.0,0.0,0.0,0.0,,,,,0,NOT-TRADED-LIVE
1,KBW,US,SWING_1d,LONG,EMA9<EMA50+Price>EMA20,6.0,83.3,15.9,2.65,0.0,0.0,0.0,,,,,0,NOT-TRADED-LIVE
2,KBW,US,SWING_1d,LONG,EMA9<EMA50+Price>SMA20,6.0,83.3,15.9,2.65,0.0,0.0,0.0,,,,,0,NOT-TRADED-LIVE
3,KBW,US,SWING_1d,LONG,Price>EMA20+SMA20<SMA50,14.0,71.4,20.43,1.46,0.0,0.0,0.0,,,,,0,NOT-TRADED-LIVE
4,KBW,US,SWING_1d,LONG,EMA9<EMA50+RSI>50,5.0,80.0,11.92,2.384,0.0,0.0,0.0,,,,,0,NOT-TRADED-LIVE
5,KBW,US,SWING_1d,LONG,EMA9<EMA50+Price>EMA50,3.0,100.0,9.96,3.32,0.0,0.0,0.0,,,,,0,NOT-TRADED-LIVE
64,Sensex,INDIAN,SWING_1d,LONG,Price<SMA50+Range>1.5%+Close<Open,5.0,60.0,3.34,0.667,0.0,0.0,0.0,,,,,0,NOT-TRADED-LIVE
69,Sensex,INDIAN,SWING_1d,LONG,Price<SMA50+Range>1.5%+2Red,5.0,60.0,3.34,0.667,0.0,0.0,0.0,,,,,0,NOT-TRADED-LIVE
70,Sensex,INDIAN,SWING_1d,SHORT,Price<SMA50+EMA9>EMA20+2Red,3.0,66.7,0.74,0.246,0.0,0.0,0.0,,,,,0,NOT-TRADED-LIVE
71,Sensex,INDIAN,SWING_1d,LONG,RSI<45+Range>1.5%+Close<Open,4.0,50.0,2.67,0.667,0.0,0.0,0.0,,,,,0,NOT-TRADED-LIVE
76,Sensex,INDIAN,SWING_1d,LONG,Price>SMA20+EMA9<EMA20+Close<Open,2.0,100.0,3.28,1.639,0.0,0.0,0.0,,,,,0,NOT-TRADED-LIVE
77,Sensex,INDIAN,SWING_1d,LONG,EMA9>EMA20+Range>1.5%+Close<Open,2.0,100.0,1.44,0.72,0.0,0.0,0.0,,,,,0,NOT-TRADED-LIVE
78,Sensex,INDIAN,SWING_1d,LONG,EMA9<EMA50+Price>EMA50,9.0,11.1,-9.49,-1.055,0.0,0.0,0.0,,,,,0,NOT-TRADED-LIVE
79,Sensex,INDIAN,SWING_1d,LONG,EMA9<EMA50+Price>EMA20,24.0,25.0,-18.43,-0.768,0.0,0.0,0.0,,,,,0,NOT-TRADED-LIVE
80,Sensex,INDIAN,SWING_1d,LONG,EMA9<EMA50+RSI>50,24.0,25.0,-18.43,-0.768,0.0,0.0,0.0,,,,,0,NOT-TRADED-LIVE
81,Sensex,INDIAN,SWING_1d,LONG,EMA9<EMA50+Price>SMA20,26.0,34.6,-13.94,-0.536,0.0,0.0,0.0,,,,,0,NOT-TRADED-LIVE
1,Dow_Trans,US,SWING_1d,LONG,EMA20<EMA50+Price>SMA20,2.0,100.0,7.96,3.98,0.0,0.0,0.0,,,,,0,NOT-TRADED-LIVE
3,Dow_Trans,US,SWING_1d,LONG,EMA20<EMA50+Price>EMA20,2.0,100.0,7.96,3.98,0.0,0.0,0.0,,,,,0,NOT-TRADED-LIVE
4,Dow_Trans,US,SWING_1d,LONG,EMA20<EMA50+Range<1%,0.0,0.0,0.0,0.0,0.0,0.0,0.0,,,,,0,NOT-TRADED-LIVE
5,Dow_Trans,US,SWING_1d,LONG,Range<1%+SMA20<EMA20,2.0,0.0,-2.68,-1.342,1.0,0.0,-0.66,,,,,0,NOT-TRADED-LIVE
1,Dow_Util,US,SWING_1d,LONG,EMA9<EMA50+Price>EMA20,10.0,70.0,9.96,0.996,0.0,0.0,0.0,,,,,0,NOT-TRADED-LIVE
2,Dow_Util,US,SWING_1d,LONG,EMA9<EMA50+Price>SMA20,10.0,70.0,9.96,0.996,0.0,0.0,0.0,,,,,0,NOT-TRADED-LIVE
3,Dow_Util,US,SWING_1d,LONG,Price>EMA20+SMA20<SMA50,18.0,50.0,-0.24,-0.013,0.0,0.0,0.0,,,,,0,NOT-TRADED-LIVE
4,Dow_Util,US,SWING_1d,LONG,EMA9<EMA50+RSI>50,8.0,75.0,8.0,0.999,0.0,0.0,0.0,,,,,0,NOT-TRADED-LIVE
5,Dow_Util,US,SWING_1d,LONG,EMA9<EMA50+Price>EMA50,3.0,100.0,5.69,1.898,0.0,0.0,0.0,,,,,0,NOT-TRADED-LIVE
9,SP500,US,INTRADAY_1h,SHORT,Price>SMA20+Price<SMA50+2Red,5.0,60.0,3.84,0.768,0.0,0.0,0.0,,,,,0,NOT-TRADED-LIVE
17,SP500,US,INTRADAY_1h,SHORT,Price>SMA20+EMA20<EMA50+2Red,7.0,42.9,1.8,0.257,2.0,0.0,-2.04,,,,,0,NOT-TRADED-LIVE
18,SP500,US,INTRADAY_1h,LONG,EMA9>EMA20+EMA20<EMA50+Close>Open,28.0,71.4,9.68,0.346,4.0,75.0,2.31,,,,,0,NOT-TRADED-LIVE
47,SP500,US,SWING_1d,LONG,Price>SMA20+Price>SMA50+EMA20<EMA50,6.0,100.0,16.86,2.809,0.0,0.0,0.0,,,,,0,NOT-TRADED-LIVE
48,SP500,US,SWING_1d,LONG,Price>EMA9+SMA20<SMA50,16.0,93.8,39.45,2.466,0.0,0.0,0.0,,,,,0,NOT-TRADED-LIVE
49,SP500,US,SWING_1d,LONG,Price>EMA20+SMA20<SMA50,13.0,92.3,28.16,2.166,0.0,0.0,0.0,,,,,0,NOT-TRADED-LIVE
50,SP500,US,SWING_1d,LONG,Price>SMA20+SMA20<SMA50,13.0,92.3,28.16,2.166,0.0,0.0,0.0,,,,,0,NOT-TRADED-LIVE
51,SP500,US,SWING_1d,LONG,RSI>50+SMA20<SMA50,11.0,90.9,20.2,1.836,0.0,0.0,0.0,,,,,0,NOT-TRADED-LIVE
52,SP500,US,SWING_1d,LONG,Price>SMA50+SMA20<SMA50,11.0,90.9,20.2,1.836,0.0,0.0,0.0,,,,,0,NOT-TRADED-LIVE
22,Nasdaq100,US,INTRADAY_1h,LONG,Price>SMA20+Price<SMA50+EMA9>EMA20+Close>Open,9.0,55.6,2.28,0.253,2.0,100.0,1.63,,,,,0,NOT-TRADED-LIVE
24,Nasdaq100,US,INTRADAY_1h,LONG,Price<SMA50+EMA9>EMA20+EMA20<EMA50+Close>Open,9.0,55.6,2.28,0.253,2.0,100.0,1.63,,,,,0,NOT-TRADED-LIVE
33,Nasdaq100,US,SWING_1d,LONG,Price>SMA50+EMA9>EMA20+2Red,14.0,50.0,8.65,0.618,4.0,0.0,-5.57,,,,,0,NOT-TRADED-LIVE
35,Nasdaq100,US,SWING_1d,LONG,EMA9>EMA20+2Red,16.0,50.0,10.39,0.649,6.0,16.7,-3.84,,,,,0,NOT-TRADED-LIVE
53,Nasdaq100,US,SWING_1d,LONG,Price>SMA50+EMA9<EMA20+EMA20>EMA50,3.0,33.3,-0.06,-0.02,0.0,0.0,0.0,,,,,0,NOT-TRADED-LIVE
56,Nasdaq100,US,SWING_1d,LONG,Price>SMA50+EMA9<EMA20+Close>Open,4.0,25.0,-2.08,-0.52,1.0,0.0,-2.02,,,,,0,NOT-TRADED-LIVE
59,Nasdaq100,US,SWING_1d,LONG,EMA20>EMA50+Close>Open+2Red,4.0,50.0,2.72,0.679,1.0,100.0,2.4,,,,,0,NOT-TRADED-LIVE
60,Nasdaq100,US,SWING_1d,LONG,Price>EMA20+SMA20<SMA50,24.0,66.7,32.63,1.36,13.0,38.5,-3.17,,,,,0,NOT-TRADED-LIVE
61,Nasdaq100,US,SWING_1d,LONG,Price>EMA9+SMA20<SMA50,26.0,69.2,39.96,1.537,12.0,50.0,4.21,,,,,0,NOT-TRADED-LIVE
62,Nasdaq100,US,SWING_1d,LONG,RSI>50+SMA20<SMA50,22.0,63.6,24.67,1.121,13.0,38.5,-3.17,,,,,0,NOT-TRADED-LIVE
63,Nasdaq100,US,SWING_1d,LONG,2Red+EMA20>EMA50+Price>SMA50,14.0,50.0,8.65,0.618,4.0,0.0,-5.57,,,,,0,NOT-TRADED-LIVE
61,Bank Nifty Yahoo,INDIAN,SWING_1d,SHORT,Price<SMA50+EMA20>EMA50+Close>Open,0.0,0.0,0.0,0.0,0.0,0.0,0.0,,,,,0,NOT-TRADED-LIVE
62,Bank Nifty,INDIAN,SWING_1d,SHORT,Price<SMA50+EMA20>EMA50+Close>Open,0.0,0.0,0.0,0.0,0.0,0.0,0.0,,,,,0,NOT-TRADED-LIVE
66,Bank Nifty Yahoo,INDIAN,SWING_1d,LONG,Price>SMA20+EMA20<EMA50+Range>1.5%,10.0,60.0,7.08,0.708,0.0,0.0,0.0,,,,,0,NOT-TRADED-LIVE
67,Bank Nifty,INDIAN,SWING_1d,LONG,Price>SMA20+EMA20<EMA50+Range>1.5%,10.0,60.0,7.08,0.708,0.0,0.0,0.0,,,,,0,NOT-TRADED-LIVE
73,Bank Nifty,INDIAN,SWING_1d,SHORT,RSI<45+EMA20>EMA50+Close>Open,0.0,0.0,0.0,0.0,0.0,0.0,0.0,,,,,0,NOT-TRADED-LIVE
74,"Bank Nifty,Bank Nifty Yahoo",INDIAN,SWING_1d,SHORT,RSI<45+EMA20>EMA50+Close>Open | EMA9<EMA50+Price>EMA50,9.0,22.2,4.98,0.2765,0.0,0.0,0.0,,,,,0,NOT-TRADED-LIVE
75,Bank Nifty,INDIAN,SWING_1d,LONG,EMA9<EMA50+Price>EMA20,22.0,36.4,-3.83,-0.174,0.0,0.0,0.0,,,,,0,NOT-TRADED-LIVE
76,Bank Nifty,INDIAN,SWING_1d,LONG,EMA9<EMA50+RSI>50,22.0,36.4,-3.83,-0.174,0.0,0.0,0.0,,,,,0,NOT-TRADED-LIVE
77,Bank Nifty,INDIAN,SWING_1d,LONG,EMA9<EMA50+Price>SMA20,26.0,38.5,-2.72,-0.104,0.0,0.0,0.0,,,,,0,NOT-TRADED-LIVE
78,Nifty 50 Yahoo,INDIAN,SWING_1d,LONG,EMA9>EMA20+Range>1.5%+Close<Open,2.0,100.0,1.51,0.754,0.0,0.0,0.0,,,,,0,NOT-TRADED-LIVE
79,GIFT Nifty,INDIAN,SWING_1d,LONG,EMA9>EMA20+Range>1.5%+Close<Open,2.0,100.0,1.51,0.754,0.0,0.0,0.0,,,,,0,NOT-TRADED-LIVE
80,Nifty 50,INDIAN,SWING_1d,LONG,EMA9>EMA20+Range>1.5%+Close<Open,2.0,100.0,1.51,0.754,0.0,0.0,0.0,,,,,0,NOT-TRADED-LIVE
81,Nifty 50,INDIAN,SWING_1d,LONG,EMA9<EMA50+Price>EMA50,13.0,15.4,-15.43,-1.187,0.0,0.0,0.0,,,,,0,NOT-TRADED-LIVE
82,Nifty 50,INDIAN,SWING_1d,LONG,EMA9<EMA50+Price>EMA20,28.0,32.1,-18.71,-0.668,0.0,0.0,0.0,,,,,0,NOT-TRADED-LIVE
83,Nifty 50,INDIAN,SWING_1d,LONG,EMA9<EMA50+RSI>50,28.0,32.1,-18.71,-0.668,0.0,0.0,0.0,,,,,0,NOT-TRADED-LIVE
84,Nifty 50,INDIAN,SWING_1d,LONG,EMA9<EMA50+Price>SMA20,29.0,34.5,-17.9,-0.617,0.0,0.0,0.0,,,,,0,NOT-TRADED-LIVE
1,NYSE_Comp,US,SWING_1d,LONG,EMA20<EMA50+Price>SMA20,9.0,88.9,15.75,1.75,0.0,0.0,0.0,,,,,0,NOT-TRADED-LIVE
2,NYSE_Comp,US,SWING_1d,LONG,Price>SMA20+SMA20<SMA50,17.0,64.7,13.17,0.775,0.0,0.0,0.0,,,,,0,NOT-TRADED-LIVE
4,NYSE_Comp,US,SWING_1d,LONG,Price>EMA20+SMA20<SMA50,17.0,64.7,13.17,0.775,0.0,0.0,0.0,,,,,0,NOT-TRADED-LIVE
5,NYSE_Comp,US,SWING_1d,LONG,Price>EMA9+SMA20<SMA50,17.0,64.7,15.91,0.936,0.0,0.0,0.0,,,,,0,NOT-TRADED-LIVE
1,PHLX_Semi,US,SWING_1d,LONG,EMA20<EMA50+Close<Open,10.0,50.0,9.8,0.98,8.0,37.5,1.84,,,,,0,NOT-TRADED-LIVE
2,PHLX_Semi,US,SWING_1d,LONG,EMA20<EMA50+Range>1.5%+Close<Open,9.0,55.6,11.82,1.313,7.0,42.9,3.86,,,,,0,NOT-TRADED-LIVE
23,PHLX_Semi,US,SWING_1d,LONG,Close>Open+2Red,2.0,100.0,7.96,3.98,0.0,0.0,0.0,,,,,0,NOT-TRADED-LIVE
24,PHLX_Semi,US,SWING_1d,LONG,Price<SMA20+Price>SMA50+2Red,3.0,100.0,11.94,3.98,0.0,0.0,0.0,,,,,0,NOT-TRADED-LIVE
29,PHLX_Semi,US,SWING_1d,LONG,Price>SMA50+Close>Open+2Red,1.0,100.0,3.98,3.98,0.0,0.0,0.0,,,,,0,NOT-TRADED-LIVE
30,PHLX_Semi,US,SWING_1d,LONG,EMA20>EMA50+Close>Open+2Red,2.0,100.0,7.96,3.98,0.0,0.0,0.0,,,,,0,NOT-TRADED-LIVE
40,PHLX_Semi,US,SWING_1d,LONG,Price<SMA20+Close>Open+2Red,1.0,100.0,3.98,3.98,0.0,0.0,0.0,,,,,0,NOT-TRADED-LIVE
42,PHLX_Semi,US,SWING_1d,LONG,Range>1.5%+Close>Open+2Red,2.0,100.0,7.96,3.98,0.0,0.0,0.0,,,,,0,NOT-TRADED-LIVE
44,PHLX_Semi,US,SWING_1d,LONG,2Red+Price>SMA50,6.0,83.3,17.88,2.98,0.0,0.0,0.0,,,,,0,NOT-TRADED-LIVE
45,PHLX_Semi,US,SWING_1d,LONG,2Red+EMA20>EMA50+Price>SMA50,6.0,83.3,17.88,2.98,0.0,0.0,0.0,,,,,0,NOT-TRADED-LIVE
1,SP400,US,SWING_1d,LONG,EMA20<EMA50+Price>EMA50,4.0,100.0,10.37,2.593,0.0,0.0,0.0,,,,,0,NOT-TRADED-LIVE
2,SP400,US,SWING_1d,LONG,EMA20<EMA50+Price>SMA50,3.0,100.0,6.39,2.13,0.0,0.0,0.0,,,,,0,NOT-TRADED-LIVE
3,SP400,US,SWING_1d,LONG,Price>SMA50+SMA20<SMA50,10.0,70.0,11.33,1.133,0.0,0.0,0.0,,,,,0,NOT-TRADED-LIVE
4,SP400,US,SWING_1d,LONG,EMA20<EMA50+EMA9>EMA20,3.0,100.0,6.39,2.13,0.0,0.0,0.0,,,,,0,NOT-TRADED-LIVE
5,SP400,US,SWING_1d,LONG,EMA20<EMA50+Price>EMA20,7.0,100.0,22.31,3.187,0.0,0.0,0.0,,,,,0,NOT-TRADED-LIVE
5,,,,,,,,,,,,,2.0,1.0,1.0,55.54999999999996,0,ORPHAN(no-strategy-def)
38,,,,,,,,,,,,,1.0,0.0,1.0,-365.5,0,ORPHAN(no-strategy-def)
1,,,,,,,,,,,,,1.0,0.0,1.0,-366.47,0,ORPHAN(no-strategy-def)
30,,,,,,,,,,,,,3.0,1.0,2.0,-702.96,0,ORPHAN(no-strategy-def)
76,,,,,,,,,,,,,3.0,0.0,3.0,-982.99,0,ORPHAN(no-strategy-def)
46,,,,,,,,,,,,,1.0,0.0,1.0,-997.56,0,ORPHAN(no-strategy-def)
