Date,Time,Type,Capital,Return_Pct,Open,Total_PnL,Cap_INDIAN,Cap_US,Cap_CRYPTO,Cap_INTRADAY,Cap_FADE
2026-07-28,00:26:28 IST,Live,400000.0,0.0,1,0.0,100000.0,100000.0,100000.0,100000.0,
2026-07-29,01:16:39 IST,Live,398969.0,-0.26,4,-1031.0,100000.0,100000.0,100000.0,98969.0,
2026-07-30,01:04:15 IST,Live,392127.0,-1.97,1,-7873.0,100000.0,100000.0,100000.0,92127.0,
2026-07-31,01:15:25 IST,Live,391032.0,-2.24,1,-8968.0,100000.0,100699.0,100000.0,90332.0,
2026-08-01,00:12:46 IST,Live,390092.0,-2.48,2,-9908.0,100000.0,100699.0,100000.0,89392.0,
2026-08-02,01:15:25 IST,Live,389389.0,-2.65,1,-10611.0,100000.0,100699.0,100000.0,88689.0,
2026-08-03,00:50:49 IST,Live,389389.0,-2.65,1,-10611.0,100000.0,100699.0,100000.0,88689.0,
2026-08-04,02:09:54 IST,Live,387562.0,-3.11,1,-12438.0,100000.0,99776.0,100000.0,87787.0,
2026-08-05,00:14:52 IST,Live,387562.0,-3.11,1,-12438.0,100000.0,99776.0,100000.0,87787.0,
2026-08-06,01:40:49 IST,Live,413911.0,3.48,13,13911.0,100000.0,101755.0,100000.0,112156.0,
2026-08-07,06:01:44 IST,Live,410316.0,2.58,12,10316.0,100000.0,99149.0,99954.0,111213.0,
2026-08-08,00:41:10 IST,Live,410316.0,2.58,13,10316.0,100000.0,99149.0,99954.0,111213.0,
2026-08-09,00:19:16 IST,Live,410299.0,2.57,12,10299.0,100000.0,99149.0,99954.0,111196.0,
2026-08-10,00:21:30 IST,Live,410299.0,2.57,12,10299.0,100000.0,99149.0,99954.0,111196.0,
2026-08-11,01:04:46 IST,Live,411646.0,2.91,13,11646.0,100000.0,100487.0,99964.0,111196.0,
2026-08-12,00:00:29 IST,Live,380039.0,-4.99,9,-19961.0,100000.0,100805.0,99964.0,79270.0,
2026-08-13,00:00:36 IST,Live,480466.0,-3.91,10,-19534.0,100000.0,101232.0,99964.0,79270.0,100000.0
2026-08-14,00:00:07 IST,Live,676426.0,-3.37,14,-23574.0,100000.0,101232.0,99964.0,79369.0,95861.0
2026-08-15,00:43:20 IST,Live,675374.0,-3.52,14,-24626.0,100000.0,101232.0,99964.0,79163.0,95014.0
2026-08-16,00:08:40 IST,Live,775374.0,-3.08,14,-24626.0,100000.0,101232.0,99964.0,79163.0,95014.0
2026-08-17,00:07:54 IST,Live,777184.0,-2.85,15,-22816.0,100000.0,103038.0,99968.0,79163.0,95014.0
2026-08-18,00:19:30 IST,Live,776724.0,-2.91,13,-23276.0,100000.0,102617.0,99968.0,78530.0,94530.0
2026-08-19,00:00:35 IST,Live,799309.0,-0.09,12,-691.0,100000.0,100165.0,99968.0,108602.0,89495.0
2026-08-20,00:14:29 IST,Live,799095.0,-0.11,13,-905.0,100000.0,100247.0,101609.0,107113.0,89047.0
2026-08-21,00:23:47 IST,Live,802456.0,0.31,15,2456.0,100000.0,100247.0,101609.0,107113.0,91638.0
2026-08-22,00:17:08 IST,Live,791899.0,-1.01,12,-8101.0,100000.0,100105.0,101648.0,107113.0,81990.0
2026-08-23,00:09:16 IST,Live,791240.0,-1.09,11,-8760.0,100000.0,99446.0,101648.0,107113.0,81990.0
2026-08-24,00:08:59 IST,Live,790148.0,-1.23,11,-9852.0,100000.0,99530.0,100367.0,107113.0,81990.0
2026-08-25,00:26:21 IST,Live,787322.0,-1.58,8,-12678.0,100000.0,96692.0,100367.0,107113.0,82002.0
2026-08-26,00:23:59 IST,Live,790539.0,-1.18,5,-9461.0,100000.0,103406.0,101694.0,106474.0,82923.0
2026-08-27,01:31:52 IST,Live,791115.0,-1.11,8,-8885.0,100000.0,103717.0,101593.0,106840.0,82923.0
2026-08-28,00:02:26 IST,Live,791115.0,-1.11,8,-8885.0,100000.0,103717.0,101593.0,106840.0,82923.0
2026-08-29,00:00:03 IST,Live,790383.0,-1.2,5,-9617.0,100000.0,102633.0,101593.0,107192.0,82923.0
2026-08-30,02:19:24 IST,Live,790567.0,-1.18,4,-9433.0,100000.0,102816.0,101593.0,107192.0,82923.0
2026-08-31,02:56:49 IST,Live,806696.0,0.84,3,6696.0,100000.0,102816.0,101593.0,107192.0,100000.0
2026-09-01,00:33:32 IST,Live,806980.0,0.87,5,6980.0,100000.0,103101.0,101593.0,107192.0,100000.0
2026-09-02,01:28:35 IST,Live,804385.0,0.55,2,4385.0,100000.0,101436.0,101593.0,106261.0,100000.0
2026-09-03,00:24:48 IST,Live,804385.0,0.55,3,4385.0,100000.0,101436.0,101593.0,106261.0,100000.0
2026-09-04,01:13:45 IST,Live,816026.0,2.0,3,16026.0,100000.0,103466.0,103265.0,108216.0,100000.0
2026-09-05,00:34:54 IST,Live,816026.0,2.0,5,16026.0,100000.0,103466.0,103265.0,108216.0,100000.0
2026-09-06,02:08:43 IST,Live,816026.0,2.0,5,16026.0,100000.0,103466.0,103265.0,108216.0,100000.0
2026-09-07,00:56:34 IST,Live,816091.0,2.01,4,16091.0,100000.0,103531.0,103265.0,108216.0,100000.0
2026-09-08,01:18:22 IST,Live,816424.0,2.05,4,16424.0,100000.0,103864.0,103265.0,108216.0,100000.0
2026-09-09,01:02:44 IST,Live,820744.0,2.59,3,20744.0,100000.0,107305.0,103265.0,209328.0,100000.0
2026-09-09,17:46:17 IST,Live,820744.0,2.59,4,20744.0,100000.0,107305.0,103265.0,209328.0,100000.0
2026-09-09,17:48:49 IST,Live,820744.0,2.59,4,20744.0,100000.0,107305.0,103265.0,209328.0,100000.0
2026-09-09,17:51:21 IST,Live,820744.0,2.59,4,20744.0,100000.0,107305.0,103265.0,209328.0,100000.0
2026-09-09,17:53:53 IST,Live,820744.0,2.59,4,20744.0,100000.0,107305.0,103265.0,209328.0,100000.0
2026-09-09,17:56:28 IST,Live,820744.0,2.59,4,20744.0,100000.0,107305.0,103265.0,209328.0,100000.0
2026-09-09,17:59:02 IST,Live,820744.0,2.59,4,20744.0,100000.0,107305.0,103265.0,209328.0,100000.0
2026-09-09,18:01:36 IST,Live,820744.0,2.59,4,20744.0,100000.0,107305.0,103265.0,209328.0,100000.0
2026-09-09,18:04:13 IST,Live,820744.0,2.59,4,20744.0,100000.0,107305.0,103265.0,209328.0,100000.0
2026-09-09,18:06:48 IST,Live,820744.0,2.59,4,20744.0,100000.0,107305.0,103265.0,209328.0,100000.0
2026-09-09,18:09:19 IST,Live,820744.0,2.59,4,20744.0,100000.0,107305.0,103265.0,209328.0,100000.0
2026-09-09,18:11:52 IST,Live,820744.0,2.59,4,20744.0,100000.0,107305.0,103265.0,209328.0,100000.0
2026-09-09,18:14:25 IST,Live,820744.0,2.59,4,20744.0,100000.0,107305.0,103265.0,209328.0,100000.0
2026-09-09,18:16:54 IST,Live,820744.0,2.59,4,20744.0,100000.0,107305.0,103265.0,209328.0,100000.0
2026-09-09,18:19:22 IST,Live,820744.0,2.59,4,20744.0,100000.0,107305.0,103265.0,209328.0,100000.0
2026-09-09,18:22:04 IST,Live,820744.0,2.59,4,20744.0,100000.0,107305.0,103265.0,209328.0,100000.0
2026-09-09,18:24:34 IST,Live,820744.0,2.59,4,20744.0,100000.0,107305.0,103265.0,209328.0,100000.0
2026-09-09,18:27:09 IST,Live,820744.0,2.59,4,20744.0,100000.0,107305.0,103265.0,209328.0,100000.0
2026-09-09,18:29:39 IST,Live,820744.0,2.59,4,20744.0,100000.0,107305.0,103265.0,209328.0,100000.0
2026-09-09,18:32:12 IST,Live,820744.0,2.59,4,20744.0,100000.0,107305.0,103265.0,209328.0,100000.0
2026-09-09,18:34:46 IST,Live,820744.0,2.59,4,20744.0,100000.0,107305.0,103265.0,209328.0,100000.0
2026-09-09,18:37:16 IST,Live,820744.0,2.59,4,20744.0,100000.0,107305.0,103265.0,209328.0,100000.0
2026-09-09,18:39:45 IST,Live,820744.0,2.59,4,20744.0,100000.0,107305.0,103265.0,209328.0,100000.0
2026-09-09,18:42:14 IST,Live,820744.0,2.59,4,20744.0,100000.0,107305.0,103265.0,209328.0,100000.0
2026-09-09,18:44:42 IST,Live,820744.0,2.59,4,20744.0,100000.0,107305.0,103265.0,209328.0,100000.0
2026-09-09,18:47:17 IST,Live,820744.0,2.59,4,20744.0,100000.0,107305.0,103265.0,209328.0,100000.0
2026-09-09,18:49:47 IST,Live,820744.0,2.59,4,20744.0,100000.0,107305.0,103265.0,209328.0,100000.0
2026-09-09,18:52:21 IST,Live,820744.0,2.59,4,20744.0,100000.0,107305.0,103265.0,209328.0,100000.0
2026-09-09,18:55:02 IST,Live,820744.0,2.59,4,20744.0,100000.0,107305.0,103265.0,209328.0,100000.0
2026-09-09,18:57:37 IST,Live,820744.0,2.59,4,20744.0,100000.0,107305.0,103265.0,209328.0,100000.0
2026-09-09,19:00:12 IST,Live,820744.0,2.59,4,20744.0,100000.0,107305.0,103265.0,209328.0,100000.0
2026-09-09,19:02:47 IST,Live,819695.0,2.46,3,19695.0,100000.0,106256.0,103265.0,209328.0,100000.0
2026-09-09,19:05:19 IST,Live,819695.0,2.46,3,19695.0,100000.0,106256.0,103265.0,209328.0,100000.0
2026-09-09,19:07:50 IST,Live,819695.0,2.46,3,19695.0,100000.0,106256.0,103265.0,209328.0,100000.0
2026-09-09,19:10:21 IST,Live,819695.0,2.46,3,19695.0,100000.0,106256.0,103265.0,209328.0,100000.0
2026-09-09,19:12:54 IST,Live,819695.0,2.46,3,19695.0,100000.0,106256.0,103265.0,209328.0,100000.0
2026-09-09,19:15:30 IST,Live,819695.0,2.46,3,19695.0,100000.0,106256.0,103265.0,209328.0,100000.0
2026-09-09,19:18:05 IST,Live,819695.0,2.46,3,19695.0,100000.0,106256.0,103265.0,209328.0,100000.0
2026-09-09,19:20:43 IST,Live,819695.0,2.46,3,19695.0,100000.0,106256.0,103265.0,209328.0,100000.0
2026-09-09,19:23:21 IST,Live,819695.0,2.46,3,19695.0,100000.0,106256.0,103265.0,209328.0,100000.0
2026-09-09,19:25:53 IST,Live,819695.0,2.46,3,19695.0,100000.0,106256.0,103265.0,209328.0,100000.0
2026-09-09,19:28:22 IST,Live,819695.0,2.46,3,19695.0,100000.0,106256.0,103265.0,209328.0,100000.0
2026-09-09,19:31:27 IST,Live,819695.0,2.46,3,19695.0,100000.0,106256.0,103265.0,209328.0,100000.0
2026-09-09,19:33:59 IST,Live,819695.0,2.46,3,19695.0,100000.0,106256.0,103265.0,209328.0,100000.0
2026-09-09,19:36:32 IST,Live,819695.0,2.46,3,19695.0,100000.0,106256.0,103265.0,209328.0,100000.0
2026-09-09,19:39:06 IST,Live,819695.0,2.46,3,19695.0,100000.0,106256.0,103265.0,209328.0,100000.0
2026-09-09,19:41:35 IST,Live,819695.0,2.46,3,19695.0,100000.0,106256.0,103265.0,209328.0,100000.0
2026-09-09,19:44:12 IST,Live,819695.0,2.46,3,19695.0,100000.0,106256.0,103265.0,209328.0,100000.0
2026-09-09,19:46:58 IST,Live,819695.0,2.46,3,19695.0,100000.0,106256.0,103265.0,209328.0,100000.0
2026-09-09,19:49:36 IST,Live,819695.0,2.46,3,19695.0,100000.0,106256.0,103265.0,209328.0,100000.0
2026-09-09,19:52:12 IST,Live,819695.0,2.46,3,19695.0,100000.0,106256.0,103265.0,209328.0,100000.0
2026-09-09,19:54:57 IST,Live,819695.0,2.46,3,19695.0,100000.0,106256.0,103265.0,209328.0,100000.0
2026-09-09,19:57:29 IST,Live,819695.0,2.46,3,19695.0,100000.0,106256.0,103265.0,209328.0,100000.0
2026-09-09,20:00:00 IST,Live,819695.0,2.46,3,19695.0,100000.0,106256.0,103265.0,209328.0,100000.0
2026-09-09,20:02:32 IST,Live,819695.0,2.46,3,19695.0,100000.0,106256.0,103265.0,209328.0,100000.0
2026-09-09,20:05:06 IST,Live,819695.0,2.46,3,19695.0,100000.0,106256.0,103265.0,209328.0,100000.0
2026-09-09,20:07:42 IST,Live,819695.0,2.46,3,19695.0,100000.0,106256.0,103265.0,209328.0,100000.0
2026-09-09,20:10:12 IST,Live,819695.0,2.46,3,19695.0,100000.0,106256.0,103265.0,209328.0,100000.0
2026-09-09,20:12:49 IST,Live,819695.0,2.46,3,19695.0,100000.0,106256.0,103265.0,209328.0,100000.0
2026-09-09,20:15:24 IST,Live,819695.0,2.46,3,19695.0,100000.0,106256.0,103265.0,209328.0,100000.0
2026-09-09,20:17:53 IST,Live,819695.0,2.46,3,19695.0,100000.0,106256.0,103265.0,209328.0,100000.0
2026-09-09,20:20:23 IST,Live,819695.0,2.46,3,19695.0,100000.0,106256.0,103265.0,209328.0,100000.0
2026-09-09,20:23:08 IST,Live,819695.0,2.46,3,19695.0,100000.0,106256.0,103265.0,209328.0,100000.0
2026-09-09,20:25:54 IST,Live,819695.0,2.46,3,19695.0,100000.0,106256.0,103265.0,209328.0,100000.0
2026-09-09,20:28:33 IST,Live,819695.0,2.46,3,19695.0,100000.0,106256.0,103265.0,209328.0,100000.0
2026-09-09,20:31:02 IST,Live,819695.0,2.46,3,19695.0,100000.0,106256.0,103265.0,209328.0,100000.0
2026-09-09,20:33:37 IST,Live,819695.0,2.46,3,19695.0,100000.0,106256.0,103265.0,209328.0,100000.0
2026-09-09,20:36:11 IST,Live,819695.0,2.46,3,19695.0,100000.0,106256.0,103265.0,209328.0,100000.0
2026-09-09,20:38:45 IST,Live,819695.0,2.46,3,19695.0,100000.0,106256.0,103265.0,209328.0,100000.0
2026-09-09,20:41:29 IST,Live,819695.0,2.46,3,19695.0,100000.0,106256.0,103265.0,209328.0,100000.0
2026-09-09,20:43:59 IST,Live,819695.0,2.46,3,19695.0,100000.0,106256.0,103265.0,209328.0,100000.0
2026-09-09,20:46:35 IST,Live,819695.0,2.46,3,19695.0,100000.0,106256.0,103265.0,209328.0,100000.0
2026-09-09,20:49:27 IST,Live,819695.0,2.46,3,19695.0,100000.0,106256.0,103265.0,209328.0,100000.0
2026-09-09,20:52:07 IST,Live,819695.0,2.46,3,19695.0,100000.0,106256.0,103265.0,209328.0,100000.0
2026-09-09,20:54:40 IST,Live,819695.0,2.46,3,19695.0,100000.0,106256.0,103265.0,209328.0,100000.0
2026-09-09,20:57:21 IST,Live,819695.0,2.46,3,19695.0,100000.0,106256.0,103265.0,209328.0,100000.0
2026-09-09,21:00:00 IST,Live,819695.0,2.46,3,19695.0,100000.0,106256.0,103265.0,209328.0,100000.0
2026-09-09,21:02:41 IST,Live,819695.0,2.46,3,19695.0,100000.0,106256.0,103265.0,209328.0,100000.0
2026-09-09,21:05:31 IST,Live,819695.0,2.46,3,19695.0,100000.0,106256.0,103265.0,209328.0,100000.0
2026-09-09,21:08:07 IST,Live,819695.0,2.46,3,19695.0,100000.0,106256.0,103265.0,209328.0,100000.0
2026-09-09,21:10:40 IST,Live,819695.0,2.46,3,19695.0,100000.0,106256.0,103265.0,209328.0,100000.0
2026-09-09,21:13:18 IST,Live,819695.0,2.46,3,19695.0,100000.0,106256.0,103265.0,209328.0,100000.0
2026-09-09,21:15:54 IST,Live,819695.0,2.46,3,19695.0,100000.0,106256.0,103265.0,209328.0,100000.0
2026-09-09,21:18:30 IST,Live,819695.0,2.46,3,19695.0,100000.0,106256.0,103265.0,209328.0,100000.0
2026-09-09,21:21:05 IST,Live,819695.0,2.46,3,19695.0,100000.0,106256.0,103265.0,209328.0,100000.0
2026-09-09,21:23:38 IST,Live,819695.0,2.46,3,19695.0,100000.0,106256.0,103265.0,209328.0,100000.0
2026-09-09,21:26:09 IST,Live,819695.0,2.46,3,19695.0,100000.0,106256.0,103265.0,209328.0,100000.0
2026-09-09,21:28:44 IST,Live,819695.0,2.46,3,19695.0,100000.0,106256.0,103265.0,209328.0,100000.0
2026-09-09,21:31:18 IST,Live,819695.0,2.46,3,19695.0,100000.0,106256.0,103265.0,209328.0,100000.0
2026-09-09,21:33:54 IST,Live,819695.0,2.46,3,19695.0,100000.0,106256.0,103265.0,209328.0,100000.0
2026-09-09,21:36:30 IST,Live,819695.0,2.46,3,19695.0,100000.0,106256.0,103265.0,209328.0,100000.0
2026-09-09,21:39:05 IST,Live,819695.0,2.46,3,19695.0,100000.0,106256.0,103265.0,209328.0,100000.0
2026-09-09,21:41:57 IST,Live,819695.0,2.46,3,19695.0,100000.0,106256.0,103265.0,209328.0,100000.0
2026-09-09,21:44:25 IST,Live,819695.0,2.46,3,19695.0,100000.0,106256.0,103265.0,209328.0,100000.0
2026-09-09,21:46:57 IST,Live,819695.0,2.46,3,19695.0,100000.0,106256.0,103265.0,209328.0,100000.0
2026-09-09,21:49:29 IST,Live,819695.0,2.46,3,19695.0,100000.0,106256.0,103265.0,209328.0,100000.0
2026-09-09,21:51:58 IST,Live,819695.0,2.46,3,19695.0,100000.0,106256.0,103265.0,209328.0,100000.0
2026-09-09,21:54:28 IST,Live,819695.0,2.46,3,19695.0,100000.0,106256.0,103265.0,209328.0,100000.0
2026-09-09,21:57:03 IST,Live,819695.0,2.46,3,19695.0,100000.0,106256.0,103265.0,209328.0,100000.0
2026-09-09,21:59:36 IST,Live,819695.0,2.46,3,19695.0,100000.0,106256.0,103265.0,209328.0,100000.0
2026-09-09,22:02:12 IST,Live,819695.0,2.46,3,19695.0,100000.0,106256.0,103265.0,209328.0,100000.0
2026-09-09,22:04:46 IST,Live,819695.0,2.46,3,19695.0,100000.0,106256.0,103265.0,209328.0,100000.0
2026-09-09,22:07:20 IST,Live,819695.0,2.46,3,19695.0,100000.0,106256.0,103265.0,209328.0,100000.0
2026-09-09,22:09:53 IST,Live,819695.0,2.46,3,19695.0,100000.0,106256.0,103265.0,209328.0,100000.0
2026-09-09,22:12:28 IST,Live,819695.0,2.46,3,19695.0,100000.0,106256.0,103265.0,209328.0,100000.0
2026-09-09,22:15:03 IST,Live,819695.0,2.46,3,19695.0,100000.0,106256.0,103265.0,209328.0,100000.0
2026-09-09,22:17:38 IST,Live,819695.0,2.46,3,19695.0,100000.0,106256.0,103265.0,209328.0,100000.0
2026-09-09,22:20:13 IST,Live,819695.0,2.46,3,19695.0,100000.0,106256.0,103265.0,209328.0,100000.0
2026-09-09,22:22:46 IST,Live,819695.0,2.46,3,19695.0,100000.0,106256.0,103265.0,209328.0,100000.0
2026-09-09,22:25:19 IST,Live,819695.0,2.46,3,19695.0,100000.0,106256.0,103265.0,209328.0,100000.0
2026-09-09,22:27:50 IST,Live,819695.0,2.46,3,19695.0,100000.0,106256.0,103265.0,209328.0,100000.0
2026-09-09,22:30:22 IST,Live,819695.0,2.46,3,19695.0,100000.0,106256.0,103265.0,209328.0,100000.0
2026-09-09,22:32:56 IST,Live,819695.0,2.46,3,19695.0,100000.0,106256.0,103265.0,209328.0,100000.0
2026-09-09,22:35:27 IST,Live,819695.0,2.46,3,19695.0,100000.0,106256.0,103265.0,209328.0,100000.0
2026-09-09,22:38:00 IST,Live,819695.0,2.46,3,19695.0,100000.0,106256.0,103265.0,209328.0,100000.0
2026-09-09,22:40:48 IST,Live,819695.0,2.46,3,19695.0,100000.0,106256.0,103265.0,209328.0,100000.0
2026-09-09,22:43:20 IST,Live,819695.0,2.46,3,19695.0,100000.0,106256.0,103265.0,209328.0,100000.0
2026-09-09,22:45:53 IST,Live,819695.0,2.46,3,19695.0,100000.0,106256.0,103265.0,209328.0,100000.0
2026-09-09,22:48:24 IST,Live,819695.0,2.46,3,19695.0,100000.0,106256.0,103265.0,209328.0,100000.0
2026-09-09,22:51:00 IST,Live,819695.0,2.46,3,19695.0,100000.0,106256.0,103265.0,209328.0,100000.0
2026-09-09,22:53:35 IST,Live,819695.0,2.46,3,19695.0,100000.0,106256.0,103265.0,209328.0,100000.0
2026-09-09,22:56:07 IST,Live,819695.0,2.46,3,19695.0,100000.0,106256.0,103265.0,209328.0,100000.0
2026-09-09,22:58:37 IST,Live,819695.0,2.46,3,19695.0,100000.0,106256.0,103265.0,209328.0,100000.0
2026-09-09,23:01:08 IST,Live,819695.0,2.46,3,19695.0,100000.0,106256.0,103265.0,209328.0,100000.0
2026-09-09,23:03:44 IST,Live,819695.0,2.46,3,19695.0,100000.0,106256.0,103265.0,209328.0,100000.0
2026-09-09,23:06:12 IST,Live,819695.0,2.46,3,19695.0,100000.0,106256.0,103265.0,209328.0,100000.0
2026-09-09,23:08:44 IST,Live,819695.0,2.46,3,19695.0,100000.0,106256.0,103265.0,209328.0,100000.0
2026-09-09,23:11:24 IST,Live,819695.0,2.46,3,19695.0,100000.0,106256.0,103265.0,209328.0,100000.0
2026-09-09,23:14:02 IST,Live,819695.0,2.46,3,19695.0,100000.0,106256.0,103265.0,209328.0,100000.0
2026-09-09,23:16:44 IST,Live,819695.0,2.46,3,19695.0,100000.0,106256.0,103265.0,209328.0,100000.0
2026-09-09,23:19:18 IST,Live,819695.0,2.46,3,19695.0,100000.0,106256.0,103265.0,209328.0,100000.0
2026-09-09,23:21:47 IST,Live,819695.0,2.46,3,19695.0,100000.0,106256.0,103265.0,209328.0,100000.0
2026-09-09,23:24:19 IST,Live,819695.0,2.46,3,19695.0,100000.0,106256.0,103265.0,209328.0,100000.0
2026-09-09,23:26:55 IST,Live,819695.0,2.46,3,19695.0,100000.0,106256.0,103265.0,209328.0,100000.0
2026-09-09,23:29:27 IST,Live,819695.0,2.46,3,19695.0,100000.0,106256.0,103265.0,209328.0,100000.0
2026-09-09,23:32:00 IST,Live,819695.0,2.46,3,19695.0,100000.0,106256.0,103265.0,209328.0,100000.0
2026-09-09,23:34:39 IST,Live,819695.0,2.46,3,19695.0,100000.0,106256.0,103265.0,209328.0,100000.0
2026-09-09,23:37:51 IST,Live,819695.0,2.46,3,19695.0,100000.0,106256.0,103265.0,209328.0,100000.0
2026-09-09,23:40:30 IST,Live,819695.0,2.46,3,19695.0,100000.0,106256.0,103265.0,209328.0,100000.0
2026-09-09,23:43:31 IST,Live,819695.0,2.46,3,19695.0,100000.0,106256.0,103265.0,209328.0,100000.0
2026-09-09,23:46:03 IST,Live,819695.0,2.46,3,19695.0,100000.0,106256.0,103265.0,209328.0,100000.0
2026-09-09,23:48:36 IST,Live,819695.0,2.46,3,19695.0,100000.0,106256.0,103265.0,209328.0,100000.0
2026-09-09,23:51:13 IST,Live,819695.0,2.46,3,19695.0,100000.0,106256.0,103265.0,209328.0,100000.0
2026-09-09,23:53:49 IST,Live,819695.0,2.46,3,19695.0,100000.0,106256.0,103265.0,209328.0,100000.0
2026-09-09,23:56:24 IST,Live,819695.0,2.46,3,19695.0,100000.0,106256.0,103265.0,209328.0,100000.0
2026-09-09,23:59:02 IST,Live,819695.0,2.46,3,19695.0,100000.0,106256.0,103265.0,209328.0,100000.0
2026-09-10,00:01:46 IST,Live,818940.0,2.37,2,18940.0,100000.0,105501.0,103265.0,209328.0,100000.0
2026-09-10,00:04:22 IST,Live,818940.0,2.37,2,18940.0,100000.0,105501.0,103265.0,209328.0,100000.0
2026-09-10,00:06:51 IST,Live,818940.0,2.37,2,18940.0,100000.0,105501.0,103265.0,209328.0,100000.0
2026-09-10,00:09:21 IST,Live,818940.0,2.37,2,18940.0,100000.0,105501.0,103265.0,209328.0,100000.0
2026-09-10,00:11:51 IST,Live,818940.0,2.37,2,18940.0,100000.0,105501.0,103265.0,209328.0,100000.0
2026-09-10,00:14:27 IST,Live,818940.0,2.37,2,18940.0,100000.0,105501.0,103265.0,209328.0,100000.0
2026-09-10,00:17:13 IST,Live,818940.0,2.37,2,18940.0,100000.0,105501.0,103265.0,209328.0,100000.0
2026-09-10,00:19:48 IST,Live,818940.0,2.37,2,18940.0,100000.0,105501.0,103265.0,209328.0,100000.0
2026-09-10,00:22:21 IST,Live,818940.0,2.37,2,18940.0,100000.0,105501.0,103265.0,209328.0,100000.0
2026-09-10,00:24:52 IST,Live,818940.0,2.37,2,18940.0,100000.0,105501.0,103265.0,209328.0,100000.0
2026-09-10,00:27:21 IST,Live,818940.0,2.37,2,18940.0,100000.0,105501.0,103265.0,209328.0,100000.0
2026-09-10,00:29:55 IST,Live,818940.0,2.37,2,18940.0,100000.0,105501.0,103265.0,209328.0,100000.0
2026-09-10,00:32:25 IST,Live,818940.0,2.37,2,18940.0,100000.0,105501.0,103265.0,209328.0,100000.0
2026-09-10,00:34:57 IST,Live,818940.0,2.37,2,18940.0,100000.0,105501.0,103265.0,209328.0,100000.0
2026-09-10,00:37:32 IST,Live,818940.0,2.37,2,18940.0,100000.0,105501.0,103265.0,209328.0,100000.0
2026-09-10,00:40:03 IST,Live,818940.0,2.37,2,18940.0,100000.0,105501.0,103265.0,209328.0,100000.0
2026-09-10,00:42:39 IST,Live,818940.0,2.37,2,18940.0,100000.0,105501.0,103265.0,209328.0,100000.0
2026-09-10,00:45:10 IST,Live,818940.0,2.37,2,18940.0,100000.0,105501.0,103265.0,209328.0,100000.0
2026-09-10,00:47:39 IST,Live,818940.0,2.37,2,18940.0,100000.0,105501.0,103265.0,209328.0,100000.0
2026-09-10,00:50:19 IST,Live,818940.0,2.37,2,18940.0,100000.0,105501.0,103265.0,209328.0,100000.0
2026-09-10,00:52:57 IST,Live,818940.0,2.37,2,18940.0,100000.0,105501.0,103265.0,209328.0,100000.0
2026-09-10,00:55:32 IST,Live,818940.0,2.37,2,18940.0,100000.0,105501.0,103265.0,209328.0,100000.0
2026-09-10,00:58:03 IST,Live,818940.0,2.37,2,18940.0,100000.0,105501.0,103265.0,209328.0,100000.0
2026-09-10,01:00:36 IST,Live,818940.0,2.37,2,18940.0,100000.0,105501.0,103265.0,209328.0,100000.0
2026-09-10,01:03:06 IST,Live,818940.0,2.37,2,18940.0,100000.0,105501.0,103265.0,209328.0,100000.0
2026-09-10,01:05:40 IST,Live,818940.0,2.37,2,18940.0,100000.0,105501.0,103265.0,209328.0,100000.0
2026-09-10,01:08:23 IST,Live,818940.0,2.37,2,18940.0,100000.0,105501.0,103265.0,209328.0,100000.0
2026-09-10,01:10:56 IST,Live,818940.0,2.37,2,18940.0,100000.0,105501.0,103265.0,209328.0,100000.0
2026-09-10,01:13:26 IST,Live,818940.0,2.37,2,18940.0,100000.0,105501.0,103265.0,209328.0,100000.0
2026-09-10,01:15:55 IST,Live,818940.0,2.37,2,18940.0,100000.0,105501.0,103265.0,209328.0,100000.0
2026-09-10,01:18:27 IST,Live,818940.0,2.37,2,18940.0,100000.0,105501.0,103265.0,209328.0,100000.0
2026-09-10,01:20:58 IST,Live,818940.0,2.37,2,18940.0,100000.0,105501.0,103265.0,209328.0,100000.0
2026-09-10,01:23:35 IST,Live,818940.0,2.37,2,18940.0,100000.0,105501.0,103265.0,209328.0,100000.0
2026-09-10,01:26:24 IST,Live,818940.0,2.37,2,18940.0,100000.0,105501.0,103265.0,209328.0,100000.0
2026-09-10,01:28:58 IST,Live,818940.0,2.37,2,18940.0,100000.0,105501.0,103265.0,209328.0,100000.0
2026-09-10,01:31:33 IST,Live,818940.0,2.37,2,18940.0,100000.0,105501.0,103265.0,209328.0,100000.0
2026-09-10,01:34:14 IST,Live,818940.0,2.37,2,18940.0,100000.0,105501.0,103265.0,209328.0,100000.0
2026-09-10,01:36:55 IST,Live,818940.0,2.37,2,18940.0,100000.0,105501.0,103265.0,209328.0,100000.0
2026-09-10,01:39:29 IST,Live,818940.0,2.37,2,18940.0,100000.0,105501.0,103265.0,209328.0,100000.0
2026-09-10,01:42:03 IST,Live,818940.0,2.37,2,18940.0,100000.0,105501.0,103265.0,209328.0,100000.0
2026-09-10,01:44:37 IST,Live,818940.0,2.37,2,18940.0,100000.0,105501.0,103265.0,209328.0,100000.0
2026-09-10,01:47:11 IST,Live,818940.0,2.37,2,18940.0,100000.0,105501.0,103265.0,209328.0,100000.0
2026-09-10,01:49:47 IST,Live,818940.0,2.37,2,18940.0,100000.0,105501.0,103265.0,209328.0,100000.0
2026-09-10,01:52:19 IST,Live,818940.0,2.37,2,18940.0,100000.0,105501.0,103265.0,209328.0,100000.0
2026-09-10,01:54:50 IST,Live,818940.0,2.37,2,18940.0,100000.0,105501.0,103265.0,209328.0,100000.0
2026-09-10,01:57:22 IST,Live,818940.0,2.37,2,18940.0,100000.0,105501.0,103265.0,209328.0,100000.0
2026-09-10,01:59:56 IST,Live,818940.0,2.37,2,18940.0,100000.0,105501.0,103265.0,209328.0,100000.0
2026-09-10,02:02:31 IST,Live,818940.0,2.37,2,18940.0,100000.0,105501.0,103265.0,209328.0,100000.0
2026-09-10,02:05:07 IST,Live,818940.0,2.37,2,18940.0,100000.0,105501.0,103265.0,209328.0,100000.0
2026-09-10,02:07:38 IST,Live,818940.0,2.37,2,18940.0,100000.0,105501.0,103265.0,209328.0,100000.0
2026-09-10,02:10:08 IST,Live,818940.0,2.37,2,18940.0,100000.0,105501.0,103265.0,209328.0,100000.0
2026-09-10,02:12:49 IST,Live,818940.0,2.37,2,18940.0,100000.0,105501.0,103265.0,209328.0,100000.0
2026-09-10,02:15:30 IST,Live,818940.0,2.37,2,18940.0,100000.0,105501.0,103265.0,209328.0,100000.0
2026-09-10,02:17:57 IST,Live,818940.0,2.37,2,18940.0,100000.0,105501.0,103265.0,209328.0,100000.0
2026-09-10,02:20:29 IST,Live,818940.0,2.37,2,18940.0,100000.0,105501.0,103265.0,209328.0,100000.0
2026-09-10,02:23:04 IST,Live,818940.0,2.37,2,18940.0,100000.0,105501.0,103265.0,209328.0,100000.0
2026-09-10,02:25:37 IST,Live,818940.0,2.37,2,18940.0,100000.0,105501.0,103265.0,209328.0,100000.0
2026-09-10,02:28:06 IST,Live,818940.0,2.37,2,18940.0,100000.0,105501.0,103265.0,209328.0,100000.0
2026-09-10,02:30:43 IST,Live,818940.0,2.37,2,18940.0,100000.0,105501.0,103265.0,209328.0,100000.0
2026-09-10,02:33:18 IST,Live,818940.0,2.37,2,18940.0,100000.0,105501.0,103265.0,209328.0,100000.0
2026-09-10,02:35:52 IST,Live,818940.0,2.37,2,18940.0,100000.0,105501.0,103265.0,209328.0,100000.0
2026-09-10,02:38:25 IST,Live,818940.0,2.37,2,18940.0,100000.0,105501.0,103265.0,209328.0,100000.0
2026-09-10,02:40:57 IST,Live,818940.0,2.37,2,18940.0,100000.0,105501.0,103265.0,209328.0,100000.0
2026-09-10,02:43:29 IST,Live,818940.0,2.37,2,18940.0,100000.0,105501.0,103265.0,209328.0,100000.0
2026-09-10,02:46:06 IST,Live,818940.0,2.37,2,18940.0,100000.0,105501.0,103265.0,209328.0,100000.0
