Date,Time_IST,Mode,Ticker,Direction,TimeFrame,Entry_Price,Qty,SL,Target,MaxHold,Exit_Price,Exit_Time,P&L,P&L_%,Status,Pattern_Rank,Expected_WinRate,Pattern_Factors,Reason,Signal_Indicators,Row_Seq,Writer_ID,Row_Hash
2026-07-27,23:32:56 IST,US,DIA,LONG,INTRADAY_1h,520.27,191,515.06,530.67,6,526.96,23:00:00 IST,1257.92,1.27,CLOSED,36,67.86,Price<SMA50+EMA9>EMA20+Close<Open+2Red,#36ID Price<SMA50+EMA9>EMA20+Close<Open+2Red | Expiry 6h,,1,,0c738ffe5d685ae424d1e3cba7359ac4135f8c980ebed08fb1d3c17c1a9dbac3
2026-07-28,23:22:38 IST,US,IWM,SHORT,INTRADAY_1h,293.1,337,296.03,287.24,6,289.59,22:00:00 IST,1163.12,1.18,CLOSED,14,63.41,Price<SMA50+EMA9>EMA20+EMA20<EMA50+Close>Open,#14ID Price<SMA50+EMA9>EMA20+EMA20<EMA50+Close>Open | Expiry 6h,,2,,f64c41900d999133d27fab612ec13c93967260c7b32f9c0633a19aaff5e4746d
2026-07-29,01:14:16 IST,US,SPY,LONG,INTRADAY_1h,741.2,133,733.79,756.02,6,733.79,20:00:00 IST,-1005.25,-1.02,CLOSED,32,60.24,Price>SMA20+EMA9>EMA20+EMA20<EMA50+Close>Open,#32ID Price>SMA20+EMA9>EMA20+EMA20<EMA50+Close>Open | SL Hit,,3,,f4d0b713e62b975b3fd1b7f466db7f4b720330223d749bd3600b7cd4792cf34f
2026-07-29,20:11:02 IST,US,DIA,LONG,INTRADAY_1h,518.47,184,513.28,528.83,6,518.47,19:00:00 IST,-20.0,-0.02,CLOSED,36,67.86,Price<SMA50+EMA9>EMA20+Close<Open+2Red,#36ID Price<SMA50+EMA9>EMA20+Close<Open+2Red | Expiry 6h,,4,,a3aa8779f6385dc6ab543661c23082dbe5ce97d1a89159d0df13eed041d6b791
2026-07-29,20:59:02 IST,US,DIA,LONG,INTRADAY_1h,518.55,183,513.37,528.93,6,516.52,20:00:00 IST,-391.38,-0.41,CLOSED,36,67.86,Price<SMA50+EMA9>EMA20+Close<Open+2Red,#36ID Price<SMA50+EMA9>EMA20+Close<Open+2Red | Expiry 6h,,5,,b247c9b389143c6ea74972e3595f00bb00a543c0c6fdecaff71ef5ec57eef783
2026-07-29,21:32:32 IST,US,DIA,LONG,INTRADAY_1h,517.9,181,512.72,528.26,6,519.65,21:00:00 IST,298.0,0.32,CLOSED,36,67.86,Price<SMA50+EMA9>EMA20+Close<Open+2Red,#36ID Price<SMA50+EMA9>EMA20+Close<Open+2Red | Expiry 6h,,6,,e546ac6000457d9b8eccd20576071bf2f6d4fe3609c12fb9ce3fc382d6946006
2026-07-29,22:16:13 IST,US,DIA,LONG,INTRADAY_1h,517.88,179,512.7,528.24,6,519.65,21:00:00 IST,298.29,0.32,CLOSED,13,60.16,RSI<45+EMA20>EMA50+Close<Open+2Red,#13ID RSI<45+EMA20>EMA50+Close<Open+2Red | Expiry 6h,,7,,e5a9f3308b9a0b98933e7c927d2a1ad728d9ab46d9c9a1596a53a76fe92a8477
2026-07-31,01:14:10 IST,US,QQQ,LONG,INTRADAY_1h,683.69,134,676.85,697.36,6,689.7,00:00:00 IST,787.02,0.86,CLOSED,5,63.38,Price>SMA20+Price<SMA50+EMA9>EMA20+EMA20<EMA50,#5ID Price>SMA20+Price<SMA50+EMA9>EMA20+EMA20<EMA50 | Expiry 6h,"{""Volume"": 6303349.0, ""Ret"": 0.002213, ""EMA20"": 677.849297, ""EMA9"": 678.867461, ""2Red"": 0.0, ""SMA50"": 685.700555, ""SMA20"": 674.813739, ""Low"": 681.51001, ""EMA50"": 684.320598, ""Open"": 682.325012, ""High"": 685.119995, ""RSI14"": 55.076392, ""Close"": 683.840027}",8,,2db0f81b10f4391df3c69ed71bd39db452a99c51cf244215042ede5b52f411bb
2026-07-31,02:09:08 IST,US,QQQ,LONG,INTRADAY_1h,683.6,132,676.76,697.27,6,689.7,00:00:00 IST,787.15,0.87,CLOSED,5,63.38,Price>SMA20+Price<SMA50+EMA9>EMA20+EMA20<EMA50,#5ID Price>SMA20+Price<SMA50+EMA9>EMA20+EMA20<EMA50 | Expiry 6h,"{""Volume"": 10064291.0, ""SMA20"": 675.475238, ""EMA20"": 678.396981, ""EMA50"": 684.292339, ""Close"": 683.599976, ""Low"": 682.900024, ""Open"": 683.820007, ""High"": 684.349976, ""Ret"": -0.000351, ""SMA50"": 685.204755, ""2Red"": 0.0, ""RSI14"": 54.801846, ""EMA9"": 679.813964}",9,,9e700e82f13ec871271c1a9b295b98c0b7c1108cc70e62621848e82585784413
2026-07-31,02:09:08 IST,US,SPY,LONG,INTRADAY_1h,741.73,121,734.31,756.56,6,747.49,00:00:00 IST,679.01,0.76,CLOSED,31,63.16,Price>SMA50+EMA20<EMA50+Close<Open,#31ID Price>SMA50+EMA20<EMA50+Close<Open | Expiry 6h,"{""Volume"": 12583754.0, ""SMA20"": 738.175507, ""EMA20"": 738.518298, ""EMA50"": 740.197673, ""Close"": 741.72998, ""Low"": 741.0, ""Open"": 741.77002, ""High"": 742.099976, ""Ret"": -6.7e-05, ""SMA50"": 740.120288, ""2Red"": 0.0, ""RSI14"": 55.502244, ""EMA9"": 739.15355}",10,,d22c2190bcb38f37b82f336f380ebe162e4c15cbe504943722802e64b745a4f4
2026-07-31,20:27:40 IST,US,XLK,LONG,INTRADAY_1h,174.64,490,172.89,178.13,6,176.19,19:00:00 IST,742.39,0.87,CLOSED,3,67.35,Price>SMA20+Price<SMA50+EMA9>EMA20,#3ID Price>SMA20+Price<SMA50+EMA9>EMA20 | Expiry 6h,"{""SMA20"": 171.86253, ""RSI14"": 52.463695, ""Ret"": -0.008821, ""EMA9"": 174.089491, ""2Red"": 0.0, ""Low"": 172.699997, ""Close"": 174.160004, ""SMA50"": 174.896011, ""EMA20"": 173.226242, ""EMA50"": 174.413903, ""Open"": 177.460007, ""Volume"": 2974398.0, ""High"": 178.619995}",11,,403cd6d4d2ac79593ab24611c82533a84a2c02fbcd672324e5fb82eaa1abab03
2026-07-31,21:07:14 IST,US,XLK,LONG,INTRADAY_1h,173.95,487,172.21,177.43,6,176.43,20:00:00 IST,1190.82,1.41,CLOSED,3,67.35,Price>SMA20+Price<SMA50+EMA9>EMA20,#3ID Price>SMA20+Price<SMA50+EMA9>EMA20 | Expiry 6h,"{""RSI14"": 50.452183, ""2Red"": 1.0, ""High"": 174.869995, ""EMA50"": 174.377476, ""Ret"": -0.003876, ""SMA50"": 174.765309, ""Low"": 173.100006, ""Close"": 173.485001, ""Volume"": 1102438.0, ""SMA20"": 171.96878, ""EMA20"": 173.250885, ""Open"": 174.179993, ""EMA9"": 173.968593}",12,,a02c013a1b1678f1c8d70f991fff980fd72734442ac0c681cceedb9701926f0f
2026-07-31,21:47:39 IST,US,XLK,LONG,INTRADAY_1h,174.29,497,172.55,177.78,6,177.6,21:00:00 IST,1628.99,1.88,CLOSED,3,67.35,Price>SMA20+Price<SMA50+EMA9>EMA20,#3ID Price>SMA20+Price<SMA50+EMA9>EMA20 | Expiry 6h,"{""SMA20"": 171.96953, ""EMA9"": 173.971593, ""EMA20"": 173.252314, ""Ret"": -0.00379, ""SMA50"": 174.765609, ""High"": 174.869995, ""Volume"": 1112891.0, ""Close"": 173.5, ""Open"": 174.179993, ""2Red"": 1.0, ""RSI14"": 50.495204, ""Low"": 173.100006, ""EMA50"": 174.378064}",13,,dc58603fdcabab48e0fd493ff741cde899a1d4b9b8e7c054936d6737e06a876c
2026-07-31,23:32:54 IST,US,SPY,LONG,INTRADAY_1h,745.84,119,738.38,760.76,6,757.57,23:00:00 IST,1378.12,1.55,CLOSED,32,60.24,Price>SMA20+EMA9>EMA20+EMA20<EMA50+Close>Open,#32ID Price>SMA20+EMA9>EMA20+EMA20<EMA50+Close>Open | Expiry 6h,"{""EMA9"": 741.70706, ""Open"": 744.429993, ""Low"": 743.98999, ""Volume"": 4072705.0, ""RSI14"": 62.13446, ""Ret"": 0.002512, ""EMA50"": 740.609545, ""High"": 746.400024, ""SMA50"": 739.652488, ""2Red"": 0.0, ""SMA20"": 738.535001, ""EMA20"": 740.044973, ""Close"": 746.289978}",14,,f4a03c1a29cf0105029ab6fe09c46700e063500e1ae9964f32ec6a6ae0d77fe6
2026-08-04,01:18:05 IST,US,QQQ,LONG,SWING_1d,700.39,71,686.38,728.41,5,728.41,19:55:15 IST,1979.47,3.98,CLOSED,52,71.43,Price>SMA20+EMA9<EMA20+Close>Open,#52SW Price>SMA20+EMA9<EMA20+Close>Open | ðŸŽ¯ Target Hit (live),"{""Close"": 700.390015, ""Ret"": 0.018024, ""Low"": 685.820007, ""High"": 701.590027, ""Volume"": 36459876.0, ""EMA20"": 696.896645, ""SMA20"": 699.896997, ""2Red"": 0.0, ""EMA9"": 689.142707, ""RSI14"": 50.141657, ""SMA50"": 714.8328, ""Open"": 688.340027, ""EMA50"": 699.878887}",15,,1a22cc715c610bad5c9114cd5ad76fb5c14f2e5761c88b294d4b042b966686fc
2026-08-05,15:13:11 IST,CRYPTO,TRX-USD,LONG,SWING_1d,0.3281,10000,0.3215,0.3412,5,0.33,2026-08-10 15:13:13 IST,9.48,0.29,CLOSED,1,66.67,EMA9>EMA20+Price>SMA50+Range<1%,#1SW EMA9>EMA20+Price>SMA50+Range<1% | Expiry 5d,"{""Open"": 0.326938, ""2Red"": 0.0, ""Low"": 0.326183, ""EMA50"": 0.327684, ""High"": 0.328078, ""Volume"": 546277952.0, ""Close"": 0.328078, ""SMA20"": 0.327438, ""SMA50"": 0.32597, ""EMA9"": 0.327405, ""Ret"": 0.003497, ""RSI14"": 51.70969, ""EMA20"": 0.327265}",16,,09136b62cb25bf445a12ad68c90eb679ff47775d4f24c569e2ad2ebcb7db7ba0
2026-08-05,15:13:11 IST,US,XLY,LONG,SWING_1d,118.29,420,115.92,123.02,5,119.8,2026-08-10 15:13:13 IST,623.43,1.25,CLOSED,1,58.65,EMA9<EMA50+RSI>50,#1SW EMA9<EMA50+RSI>50 | Expiry 5d,"{""Open"": 117.529999, ""2Red"": 0.0, ""Low"": 117.120003, ""EMA50"": 115.501689, ""High"": 118.57, ""Volume"": 10500800.0, ""Close"": 118.290001, ""SMA20"": 114.6345, ""SMA50"": 116.0852, ""EMA9"": 115.004317, ""Ret"": 0.000677, ""RSI14"": 59.157988, ""EMA20"": 114.786415}",17,,c9ee96344d5e3c0aff5b3f7dc9c271ebc274a5070d581bbf3939aceab281b552
2026-08-05,15:13:11 IST,US,XLV,LONG,SWING_1d,162.1,307,158.86,168.58,5,165.65,2026-08-10 15:13:13 IST,1080.95,2.17,CLOSED,4,52.32,EMA9>EMA20+Range<1%,#4SW EMA9>EMA20+Range<1% | Expiry 5d,"{""Open"": 162.0, ""2Red"": 1.0, ""Low"": 160.970001, ""EMA50"": 157.880967, ""High"": 162.490005, ""Volume"": 15121700.0, ""Close"": 162.100006, ""SMA20"": 161.822, ""SMA50"": 156.9082, ""EMA9"": 162.798107, ""Ret"": -0.000863, ""RSI14"": 53.812337, ""EMA20"": 161.631372}",18,,98d247b77f0aa57a680388f35a936bf28e92a17e53cade0ec7463d926de20df2
2026-08-06,01:17:18 IST,US,QQQ,LONG,SWING_1d,719.29,70,704.9,748.06,5,720.8,2026-08-11 01:36:05 IST,95.48,0.19,CLOSED,50,76.6,Price>SMA50+EMA9<EMA20,#50SW Price>SMA50+EMA9<EMA20 | Expiry 5d,"{""Volume"": 28061644.0, ""RSI14"": 56.167234, ""EMA20"": 701.326904, ""EMA9"": 700.684364, ""Low"": 719.26001, ""SMA50"": 715.048199, ""EMA50"": 701.5317, ""High"": 728.539978, ""2Red"": 0.0, ""Close"": 719.289978, ""SMA20"": 700.994495, ""Open"": 726.224976, ""Ret"": -0.0063}",19,,bb3fc87257f9d25ed581a471d1b9f421b32ef5ffe9fedd14dca5c9f909bf52f2
2026-08-06,01:17:18 IST,US,XLB,LONG,SWING_1d,52.72,969,51.67,54.83,5,53.18,2026-08-11 01:36:05 IST,440.05,0.86,CLOSED,2,51.71,EMA9>EMA20+Price>SMA20+Range<1%,#2SW EMA9>EMA20+Price>SMA20+Range<1% | Expiry 5d,"{""Volume"": 9101653.0, ""RSI14"": 59.972956, ""EMA20"": 51.291376, ""EMA9"": 51.578998, ""Low"": 52.474998, ""SMA50"": 51.1821, ""EMA50"": 51.139325, ""High"": 52.959999, ""2Red"": 0.0, ""Close"": 52.724998, ""SMA20"": 51.00325, ""Open"": 52.59, ""Ret"": 0.013942}",20,,f0f0caa533714effe6f8de9f0321a5c9ca21771c7d95ffb3c4248f89e60f9feb
2026-08-07,05:40:03 IST,US,XLK,LONG,SWING_1d,185.35,265,181.62,192.74,5,186.12,2026-08-12 08:36:01 IST,194.6,0.4,CLOSED,28,63.73,Price>SMA50+EMA20>EMA50+2Red,#28SW Price>SMA50+EMA20>EMA50+2Red | Expiry 5d,"{""EMA50"": 178.417894, ""Close"": 185.330002, ""Volume"": 6431938.0, ""RSI14"": 56.546346, ""High"": 186.910004, ""2Red"": 1.0, ""Ret"": -0.00312, ""Low"": 182.070007, ""EMA20"": 179.791718, ""EMA9"": 180.620244, ""Open"": 183.190002, ""SMA50"": 183.268401, ""SMA20"": 178.784}",21,,5bd54f227019a703591ad22942ee1aca8b60c33e6e3bb0861b3113de55407ef8
2026-08-07,05:40:03 IST,US,OEF,LONG,SWING_1d,381.22,129,373.56,396.43,5,380.7,2026-08-12 08:36:01 IST,-76.67,-0.16,CLOSED,4,59.53,EMA9>EMA20+Price>SMA20+Range<1%,#4SW EMA9>EMA20+Price>SMA20+Range<1% | Expiry 5d,"{""EMA50"": 366.698569, ""Close"": 381.179993, ""Volume"": 145727.0, ""RSI14"": 65.09971, ""High"": 382.63501, ""2Red"": 0.0, ""Ret"": 0.001129, ""Low"": 380.350006, ""EMA20"": 370.650953, ""EMA9"": 374.081113, ""Open"": 381.549988, ""SMA50"": 368.3698, ""SMA20"": 369.739}",22,,3e4f93fbb48962057cc3cfade193bc892e5f914873748beda5b3339592b2a763
2026-08-11,00:37:04 IST,CRYPTO,ETH-USD,LONG,SWING_1d,1874.1,25,1834.79,1947.12,5,1880.51,2026-08-16 00:56:05 IST,19.63,0.04,CLOSED,32,80.0,Price<SMA20+Price>SMA50+2Red,#32SW Price<SMA20+Price>SMA50+2Red | Expiry 5d,"{""BB_hi"": 1951.082913, ""EMA20"": 1883.245495, ""high20"": 1976.460205, ""Open"": 1908.93103, ""EMA200"": 2141.746334, ""Volume"": 9096837120.0, ""low50"": 1510.505859, ""Low"": 1868.057739, ""2Red"": 1.0, ""RSI14"": 49.831146, ""EMA9"": 1893.674853, ""BB_lo"": 1835.426218, ""2Green"": 0.0, ""high50"": 1976.460205, ""Close"": 1872.22998, ""SMA20"": 1893.254565, ""High"": 1928.543091, ""EMA50"": 1861.015458, ""low20"": 1821.485107, ""SMA50"": 1805.156021, ""Ret"": -0.019098}",23,,2ee4bd9d71490e1564bb22c366e28b571f92fd56d1a988e09688e2bd28500db5
2026-08-11,00:37:04 IST,CRYPTO,TRX-USD,LONG,SWING_1d,0.331,10000,0.3241,0.3439,5,0.3304,2026-08-16 00:56:05 IST,-15.49,-0.47,CLOSED,1,66.67,EMA9>EMA20+Price>SMA50+Range<1%,#1SW EMA9>EMA20+Price>SMA50+Range<1% | Expiry 5d,"{""BB_hi"": 0.332258, ""EMA20"": 0.327832, ""high20"": 0.333079, ""Open"": 0.329585, ""EMA200"": 0.32088, ""Volume"": 869478144.0, ""low50"": 0.314034, ""Low"": 0.329472, ""2Red"": 0.0, ""RSI14"": 57.524103, ""EMA9"": 0.328473, ""BB_lo"": 0.323712, ""2Green"": 1.0, ""high50"": 0.333832, ""Close"": 0.330694, ""SMA20"": 0.327985, ""High"": 0.331578, ""EMA50"": 0.327842, ""low20"": 0.323269, ""SMA50"": 0.326432, ""Ret"": 0.003357}",24,,5931b32b031ec9fb4fdf828aa71a094c4b7bb082c0cc58735620762f2bcaf7da
2026-08-11,00:37:04 IST,US,XLP,LONG,SWING_1d,84.8,587,83.09,88.18,5,86.07,2026-08-16 00:56:05 IST,733.41,1.47,CLOSED,5,58.26,Range<1%+SMA20<EMA20,#5SW Range<1%+SMA20<EMA20 | Expiry 5d,"{""BB_hi"": 87.086251, ""EMA20"": 84.986252, ""high20"": 88.779999, ""Open"": 84.660004, ""EMA200"": 83.124135, ""Volume"": 4681010.0, ""low50"": 81.480003, ""Low"": 84.330002, ""2Red"": 0.0, ""RSI14"": 49.564668, ""EMA9"": 85.140171, ""BB_lo"": 82.854749, ""2Green"": 0.0, ""high50"": 88.779999, ""Close"": 84.790001, ""SMA20"": 84.9705, ""High"": 85.044998, ""EMA50"": 84.555905, ""low20"": 82.809998, ""SMA50"": 84.312, ""Ret"": -0.003877}",25,,9626f6cc8272dc017b2a5e21453482497417bbe994ab3aa51a3acb696abd52c9
2026-08-12,00:43:12 IST,US,QQQ,LONG,SWING_1d,717.42,69,703.0,746.04,5,730.98,2026-08-17 00:56:07 IST,925.52,1.87,CLOSED,37,60.94,Price>SMA50+EMA9>EMA20+2Red,#37SW Price>SMA50+EMA9>EMA20+2Red | Expiry 5d,"{""Volume"": 22313421.0, ""BB_lo"": 665.286184, ""SMA20"": 700.678995, ""high20"": 728.539978, ""low20"": 661.140015, ""low50"": 661.140015, ""High"": 723.299988, ""2Red"": 1.0, ""RSI14"": 54.565075, ""high50"": 748.650024, ""SMA50"": 713.8536, ""2Green"": 0.0, ""Open"": 723.299988, ""EMA200"": 654.275205, ""EMA50"": 704.048659, ""BB_hi"": 736.071805, ""Low"": 715.789978, ""EMA9"": 711.374496, ""Ret"": -0.004883, ""Close"": 717.349976, ""EMA20"": 707.041668}",26,,5c9a45b2e138e7f6be3bd5de0baf6ed1be5e456abdfa1e1a35b3ffbc70296874
2026-08-13,00:20:31 IST,US,OEF,LONG,SWING_1d,381.8,131,374.12,397.03,5,380.91,2026-08-18 00:20:50 IST,-126.33,-0.25,CLOSED,4,59.53,EMA9>EMA20+Price>SMA20+Range<1%,#4SW EMA9>EMA20+Price>SMA20+Range<1% | Expiry 5d,"{""Low"": 380.838501, ""EMA9"": 378.755146, ""Ret"": 0.002468, ""High"": 382.554993, ""BB_lo"": 355.440257, ""SMA20"": 371.858, ""RSI14"": 63.686748, ""EMA20"": 374.422536, ""low20"": 358.170013, ""high50"": 384.820007, ""2Red"": 0.0, ""SMA50"": 368.8264, ""Open"": 382.660004, ""2Green"": 0.0, ""high20"": 384.820007, ""EMA200"": 349.15793, ""Close"": 381.76001, ""low50"": 354.809998, ""BB_hi"": 388.275744, ""Volume"": 171118.0, ""EMA50"": 368.980107}",27,,c7a9b4589c03abdc9077bf489d40d9ab5da18832d868bda5153ddf8748b81608
2026-08-16,07:48:23 IST,CRYPTO,ETH-USD,LONG,SWING_1d,1880.0,25,1840.56,1953.24,5,1951.29,2026-08-19 20:30:05 IST,1641.17,3.49,CLOSED,32,80.0,Price<SMA20+Price>SMA50+2Red,#32SW Price<SMA20+Price>SMA50+2Red | ðŸŽ¯ Target Hit (live),"{""High"": 1881.228882, ""Ret"": -0.001345, ""low20"": 1821.485107, ""2Green"": 0.0, ""high50"": 1976.460205, ""RSI14"": 50.528767, ""EMA50"": 1864.50293, ""Close"": 1878.119995, ""EMA200"": 2128.981002, ""SMA20"": 1888.450458, ""Open"": 1880.982056, ""low50"": 1510.505859, ""high20"": 1976.460205, ""BB_hi"": 1932.730084, ""Volume"": 3153563392.0, ""BB_lo"": 1844.170831, ""Low"": 1876.0802, ""EMA9"": 1884.579071, ""EMA20"": 1882.056983, ""SMA50"": 1830.116287, ""2Red"": 1.0}",28,paper_trader.update,f4d7640cc9632d6ba29d19cd013b5855eff48f0d15279cc8ba6f35c9845fb3e5
2026-08-16,07:48:23 IST,CRYPTO,TRX-USD,LONG,SWING_1d,0.332,10000,0.3244,0.3442,5,0.3369,2026-08-21 07:50:22 IST,38.79,1.17,CLOSED,1,66.67,EMA9>EMA20+Price>SMA50+Range<1%,#1SW EMA9>EMA20+Price>SMA50+Range<1% | Expiry 5d,"{""High"": 0.330999, ""Ret"": -0.004433, ""low20"": 0.323269, ""2Green"": 0.0, ""high50"": 0.337903, ""RSI14"": 53.511744, ""EMA50"": 0.328876, ""Close"": 0.330981, ""EMA200"": 0.321504, ""SMA20"": 0.32883, ""Open"": 0.330921, ""low50"": 0.314034, ""high20"": 0.337903, ""BB_hi"": 0.335516, ""Volume"": 317728800.0, ""BB_lo"": 0.322143, ""Low"": 0.330715, ""EMA9"": 0.331613, ""EMA20"": 0.33003, ""SMA50"": 0.327135, ""2Red"": 1.0}",29,paper_trader.update,5968bfcbca9f42df68070e2996957e7a00ff36e4306ee70c874d79aeceb12b56
2026-08-16,07:48:23 IST,US,XLV,LONG,SWING_1d,167.39,305,164.02,174.06,5,174.04,2026-08-19 19:18:22 IST,2018.83,3.95,CLOSED,4,52.32,EMA9>EMA20+Range<1%,#4SW EMA9>EMA20+Range<1% | ðŸŽ¯ Target Hit (live),"{""High"": 167.770004, ""Ret"": -0.005998, ""low20"": 157.229996, ""2Green"": 0.0, ""high50"": 169.710007, ""RSI14"": 61.944112, ""EMA50"": 160.375176, ""Close"": 167.369995, ""EMA200"": 152.877762, ""SMA20"": 164.259, ""Open"": 167.660004, ""low50"": 146.070007, ""high20"": 169.710007, ""BB_hi"": 170.39623, ""Volume"": 5020700.0, ""BB_lo"": 158.121771, ""Low"": 166.449997, ""EMA9"": 166.656228, ""EMA20"": 164.675214, ""SMA50"": 159.8202, ""2Red"": 1.0}",30,paper_trader.update,e09686de544ea6ee9274b2271ebce9d0f591864cd7f3f9d5517a614358de4fa5
2026-08-16,07:48:23 IST,US,XLB,LONG,SWING_1d,52.55,972,51.49,54.64,5,52.41,2026-08-21 07:50:22 IST,-141.68,-0.28,CLOSED,2,51.71,EMA9>EMA20+Price>SMA20+Range<1%,#2SW EMA9>EMA20+Price>SMA20+Range<1% | Expiry 5d,"{""High"": 52.650002, ""Ret"": 0.004397, ""low20"": 49.849998, ""2Green"": 0.0, ""high50"": 53.599998, ""RSI14"": 55.668613, ""EMA50"": 51.516289, ""Close"": 52.540001, ""EMA200"": 49.67764, ""SMA20"": 51.7285, ""Open"": 52.459999, ""low50"": 49.57, ""high20"": 53.599998, ""BB_hi"": 53.772381, ""Volume"": 7479000.0, ""BB_lo"": 49.684619, ""Low"": 52.27, ""EMA9"": 52.4289, ""EMA20"": 51.988963, ""SMA50"": 51.383, ""2Red"": 0.0}",31,paper_trader.update,ef61b97c34a00dd5919c8155d0ae71cd042c8ab1ba8e55817ce1fe10f48832ec
2026-08-17,11:10:50 IST,INDIAN,LAXMIINDIA.NS,LONG,LONG_BOUNCE_5m,124.98,510,123.02,129.57,6,129.47,2026-08-17 14:43:12 IST,2098.68,3.29,CLOSED,935,54.3,Long L1: 5m -3.5%/90m vol2.5x RSI<=45 gap1.5 below-VWAP&down 10:30-12:30,#935ID Long L1: 5m -3.5%/90m vol2.5x RSI<=45 gap1.5 below-VWAP&down | ðŸŽ¯ Target Hit (live),"{""Close"": 124.89, ""Volume"": 16581, ""VolAvg20"": 2144.0, ""RSI14"": 40.9, ""Drop_pct"": 3.7, ""BelowVWAP"": true, ""VWAPDown"": true, ""NIFTY_gap_pct"": -0.09}",32,paper_trader.update,9630e726dddf2c5aaf60e87d740977b60f58188bdb64de24262a18f53ac9d098
2026-08-17,11:52:58 IST,INDIAN,VASWANI.NS,LONG,LONG_BOUNCE_5m,46.63,1333,45.88,48.33,6,45.83,2026-08-17 12:09:41 IST,-1252.87,-2.02,CLOSED,935,54.3,Long L1: 5m -3.5%/90m vol2.5x RSI<=45 gap1.5 below-VWAP&down 10:30-12:30,#935ID Long L1: 5m -3.5%/90m vol2.5x RSI<=45 gap1.5 below-VWAP&down | ðŸŽ¯ SL Hit (live),"{""Close"": 46.58, ""Volume"": 1153, ""VolAvg20"": 237.0, ""RSI14"": 31.4, ""Drop_pct"": 8.31, ""BelowVWAP"": true, ""VWAPDown"": true, ""NIFTY_gap_pct"": -0.09}",33,paper_trader.update,f40714ecdeda397f4379e7d675de3837d7d287b4df52c325d522e2a28dfbc823
2026-08-18,00:20:52 IST,US,OEF,LONG,SWING_1d,380.99,135,373.33,396.19,5,377.74,2026-08-23 00:57:48 IST,-448.74,-0.87,CLOSED,4,59.53,EMA9>EMA20+Price>SMA20+Range<1%,#4SW EMA9>EMA20+Price>SMA20+Range<1% | Expiry 5d,"{""2Green"": 0.0, ""BB_lo"": 356.336918, ""BB_hi"": 391.566088, ""EMA50"": 370.481576, ""SMA50"": 369.201801, ""high20"": 384.820007, ""low50"": 354.809998, ""Open"": 382.649994, ""Volume"": 101666.0, ""2Red"": 1.0, ""EMA200"": 350.231559, ""RSI14"": 60.286192, ""low20"": 358.170013, ""Ret"": -0.00413, ""EMA20"": 376.443558, ""high50"": 384.820007, ""Low"": 380.609985, ""Close"": 380.950104, ""EMA9"": 380.399819, ""SMA20"": 373.951503, ""High"": 382.875}",34,paper_trader.update,e1aa851a58d41e3a99105e920f01417c58031dcb41f9666b2e5ffbec316f36b4
2026-08-19,00:19:33 IST,US,QQQ,LONG,SWING_1d,717.71,69,703.29,746.35,5,713.34,2026-08-24 00:57:24 IST,-311.52,-0.63,CLOSED,37,60.94,Price>SMA50+EMA9>EMA20+2Red,#37SW Price>SMA50+EMA9>EMA20+2Red | Expiry 5d,"{""EMA200"": 658.01956, ""Open"": 720.219971, ""2Red"": 1.0, ""Volume"": 38190856.0, ""EMA20"": 714.783424, ""BB_lo"": 663.9257, ""EMA50"": 708.199326, ""SMA50"": 712.987002, ""low20"": 661.140015, ""RSI14"": 52.242633, ""low50"": 661.140015, ""EMA9"": 721.308924, ""2Green"": 0.0, ""Ret"": -0.016756, ""Low"": 715.919983, ""high50"": 745.450012, ""High"": 722.130005, ""Close"": 717.640015, ""BB_hi"": 748.573299, ""SMA20"": 706.2495, ""high20"": 734.580017}",35,paper_trader.update,5ec9572030ee405d951d8cffe90eacb395e13eed2f4591c47e7a742419445569
2026-08-19,00:19:34 IST,US,XLE,LONG,SWING_1d,63.56,782,62.28,66.1,5,63.62,2026-08-24 00:57:24 IST,35.91,0.07,CLOSED,3,51.28,EMA9>EMA50+Range<1%,#3SW EMA9>EMA50+Range<1% | Expiry 5d,"{""EMA200"": 54.253942, ""Open"": 63.41, ""2Red"": 0.0, ""Volume"": 20822618.0, ""EMA20"": 59.820197, ""BB_lo"": 56.181538, ""EMA50"": 58.261513, ""SMA50"": 57.1629, ""low20"": 57.110001, ""RSI14"": 72.551139, ""low50"": 52.619999, ""EMA9"": 61.242966, ""2Green"": 1.0, ""Ret"": 0.01558, ""Low"": 63.115002, ""high50"": 62.689999, ""High"": 63.709999, ""Close"": 63.555, ""BB_hi"": 63.099963, ""SMA20"": 59.64075, ""high20"": 62.689999}",36,paper_trader.update,e184d91e43dc5c45d02ec93beb5d8526d4d68bd11e44705125de17a531039f17
2026-08-23,07:51:10 IST,US,XLRE,LONG,SWING_1d,45.08,1105,44.18,46.88,5,44.66,2026-08-28 09:07:28 IST,-479.0,-0.96,CLOSED,57,69.23,Price>SMA20+EMA9<EMA20+Close<Open,#57SW Price>SMA20+EMA9<EMA20+Close<Open | Expiry 5d,"{""2Green"": 0.0, ""2Red"": 0.0, ""BB_hi"": 46.03132, ""BB_lo"": 44.109681, ""Close"": 45.080002, ""EMA20"": 44.957695, ""EMA200"": 43.466243, ""EMA50"": 44.780011, ""EMA9"": 44.94812, ""High"": 45.255001, ""Low"": 44.933998, ""Open"": 45.200001, ""RSI14"": 51.888379, ""Ret"": 0.0, ""SMA20"": 45.0705, ""SMA50"": 44.8678, ""Volume"": 3968900.0, ""_provenance"": {""captured_at_ist"": ""2026-08-23 07:51:10 IST"", ""provider"": ""market_data.download"", ""provider_chain"": [""yfinance"", ""yahoo_chart"", ""nasdaq_or_binance"", ""ohlc_cache""], ""snapshot_sha256"": ""45c6a11f08d41357e9b6038a6644a0c54ee887b4d9d2010526bd8ea4b0ea5250""}, ""high20"": 46.455002, ""high50"": 46.455002, ""low20"": 44.009998, ""low50"": 43.48}",37,paper_trader.update,f23b6e86a1f25f7aae1a83474e32f0595aca16a54abfc40f7969ccc6ae2967ac
2026-08-23,07:51:10 IST,CRYPTO,TRX-USD,LONG,SWING_1d,0.3462,10000,0.3382,0.3589,5,0.3372,2026-08-26 02:06:32 IST,-100.54,-2.9,CLOSED,1,66.67,EMA9>EMA20+Price>SMA50+Range<1%,#1SW EMA9>EMA20+Price>SMA50+Range<1% | ðŸŽ¯ SL Hit (live),"{""2Green"": 1.0, ""2Red"": 0.0, ""BB_hi"": 0.342604, ""BB_lo"": 0.322249, ""Close"": 0.345137, ""EMA20"": 0.333753, ""EMA200"": 0.322532, ""EMA50"": 0.330808, ""EMA9"": 0.337211, ""High"": 0.345367, ""Low"": 0.34419, ""Open"": 0.344229, ""RSI14"": 75.347643, ""Ret"": 0.005205, ""SMA20"": 0.332427, ""SMA50"": 0.329547, ""Volume"": 896564352.0, ""_provenance"": {""captured_at_ist"": ""2026-08-23 07:51:10 IST"", ""provider"": ""market_data.download"", ""provider_chain"": [""yfinance"", ""yahoo_chart"", ""nasdaq_or_binance"", ""ohlc_cache""], ""snapshot_sha256"": ""841d75978c0b90d3d955daa219375d748b86c110612710892971f186fbc6b405""}, ""high20"": 0.34335, ""high50"": 0.34335, ""low20"": 0.325217, ""low50"": 0.316794}",38,paper_trader.update,081bb0e3bfbf25fc8adebac0bacc6f29654babb62968df160253ea5d1a8b4455
2026-08-23,07:51:10 IST,US,OEF,LONG,SWING_1d,377.9,130,370.3,392.97,5,380.85,2026-08-28 09:07:28 IST,373.92,0.76,CLOSED,4,59.53,EMA9>EMA20+Price>SMA20+Range<1%,#4SW EMA9>EMA20+Price>SMA20+Range<1% | Expiry 5d,"{""2Green"": 0.0, ""2Red"": 0.0, ""BB_hi"": 391.993875, ""BB_lo"": 360.752118, ""Close"": 377.859985, ""EMA20"": 377.034739, ""EMA200"": 351.317404, ""EMA50"": 371.633734, ""EMA9"": 379.076055, ""High"": 379.179993, ""Low"": 376.839996, ""Open"": 377.890015, ""RSI14"": 53.807886, ""Ret"": 0.003106, ""SMA20"": 376.372997, ""SMA50"": 370.408998, ""Volume"": 141700.0, ""_provenance"": {""captured_at_ist"": ""2026-08-23 07:51:10 IST"", ""provider"": ""market_data.download"", ""provider_chain"": [""yfinance"", ""yahoo_chart"", ""nasdaq_or_binance"", ""ohlc_cache""], ""snapshot_sha256"": ""dc46343d0c2668e3d0437189c8457963c0a5445a4be1eb6c84facfbc8ebd4d16""}, ""high20"": 384.820007, ""high50"": 384.820007, ""low20"": 358.170013, ""low50"": 354.809998}",39,paper_trader.update,c46421a7dab78c0e655e46f28a72f5231bb5ab732cb05189e0955a06c70f7de2
2026-08-24,07:49:44 IST,US,QQQ,LONG,SWING_1d,713.51,68,699.17,741.98,5,716.36,2026-08-29 08:16:22 IST,183.99,0.38,CLOSED,66,55.7,RSI>50+SMA20<SMA50,#66SW RSI>50+SMA20<SMA50 | Expiry 5d,"{""2Green"": 0.0, ""2Red"": 0.0, ""BB_hi"": 749.746157, ""BB_lo"": 668.630845, ""Close"": 713.440002, ""EMA20"": 714.415351, ""EMA200"": 659.614421, ""EMA50"": 708.78849, ""EMA9"": 717.391898, ""High"": 715.669983, ""Low"": 709.200012, ""Open"": 715.22998, ""RSI14"": 50.149844, ""Ret"": 0.003531, ""SMA20"": 709.188501, ""SMA50"": 713.441602, ""Volume"": 33297600.0, ""_provenance"": {""captured_at_ist"": ""2026-08-24 07:49:44 IST"", ""provider"": ""market_data.download"", ""provider_chain"": [""yfinance"", ""yahoo_chart"", ""nasdaq_or_binance"", ""ohlc_cache""], ""snapshot_sha256"": ""89a195f1c565d7eeec6103b45df5fc0c4a8cd08b92109c8f6c78f6dbe7e34347""}, ""high20"": 734.580017, ""high50"": 745.450012, ""low20"": 661.140015, ""low50"": 661.140015}",40,paper_trader.update,d8de3b3da0545a310384dd35017aea2f01dd866a0d94f31f9c8788d69a55bd0f
2026-08-25,00:21:29 IST,US,XLV,LONG,SWING_1d,174.55,275,171.04,181.51,5,171.02,2026-08-28 21:08:12 IST,-979.55,-2.04,CLOSED,4,52.32,EMA9>EMA20+Range<1%,#4SW EMA9>EMA20+Range<1% | ðŸŽ¯ SL Hit (live),"{""2Green"": 0.0, ""2Red"": 0.0, ""BB_hi"": 175.864131, ""BB_lo"": 159.419869, ""Close"": 174.529999, ""EMA20"": 168.30809, ""EMA200"": 154.030413, ""EMA50"": 162.961143, ""EMA9"": 171.440751, ""High"": 174.830002, ""Low"": 173.330002, ""Open"": 174.410004, ""RSI14"": 68.059204, ""Ret"": -0.000515, ""SMA20"": 167.642, ""SMA50"": 162.1152, ""Volume"": 4415397.0, ""_provenance"": {""captured_at_ist"": ""2026-08-25 00:21:29 IST"", ""provider"": ""market_data.download"", ""provider_chain"": [""yfinance"", ""yahoo_chart"", ""nasdaq_or_binance"", ""ohlc_cache""], ""snapshot_sha256"": ""0e5a554d6cdf867147a863dbaa87285229b6bdde8405ef04e62d923f28408cf2""}, ""high20"": 176.600006, ""high50"": 176.600006, ""low20"": 160.729996, ""low50"": 148.789993}",41,paper_trader.update,a7d380cec8477d8f9fda0ae768e3cd785a78a5b472125323f2526a0a8f27264b
2026-08-26,00:19:41 IST,US,VTI,LONG,SWING_1d,377.11,133,369.53,392.15,5,379.32,2026-08-31 12:20:47 IST,284.17,0.57,CLOSED,3,60.9,Range<1%+SMA20<EMA20,#3SW Range<1%+SMA20<EMA20 | Expiry 5d,"{""2Green"": 0.0, ""2Red"": 0.0, ""BB_hi"": 390.418284, ""BB_lo"": 363.717712, ""Close"": 377.070007, ""EMA20"": 377.20007, ""EMA200"": 349.68499, ""EMA50"": 371.828667, ""EMA9"": 378.840176, ""High"": 378.0, ""Low"": 376.480011, ""Open"": 377.920013, ""RSI14"": 52.14451, ""Ret"": -0.003093, ""SMA20"": 377.067998, ""SMA50"": 371.565996, ""Volume"": 2963600.0, ""_provenance"": {""captured_at_ist"": ""2026-08-26 00:19:41 IST"", ""provider"": ""market_data.download"", ""provider_chain"": [""yfinance"", ""yahoo_chart"", ""nasdaq_or_binance"", ""ohlc_cache""], ""snapshot_sha256"": ""7d4507f7724401cf8e473ac67923b34d856a349cb42c70c444777355cfcb7c9b""}, ""high20"": 385.119995, ""high50"": 385.119995, ""low20"": 360.200012, ""low50"": 356.723865}",42,paper_trader.update,547232773bc9981736d88d2e8cc72a5e8e435879e82c73c5ef660d20e2472d48
2026-08-27,01:26:20 IST,US,XLP,LONG,SWING_1d,86.53,596,84.79,89.98,5,85.03,2026-09-01 01:27:38 IST,-903.42,-1.75,CLOSED,5,58.26,Range<1%+SMA20<EMA20,#5SW Range<1%+SMA20<EMA20 | Expiry 5d,"{""2Green"": 0.0, ""2Red"": 0.0, ""BB_hi"": 87.262889, ""BB_lo"": 83.993112, ""Close"": 86.519997, ""EMA20"": 85.651886, ""EMA200"": 82.697308, ""EMA50"": 84.933173, ""EMA9"": 86.092409, ""High"": 87.010002, ""Low"": 86.25, ""Open"": 86.860001, ""RSI14"": 55.279506, ""Ret"": -0.010635, ""SMA20"": 85.628, ""SMA50"": 84.784211, ""Volume"": 7022700.0, ""_provenance"": {""captured_at_ist"": ""2026-08-27 01:26:20 IST"", ""provider"": ""market_data.download"", ""provider_chain"": [""yfinance"", ""yahoo_chart"", ""nasdaq_or_binance"", ""ohlc_cache""], ""snapshot_sha256"": ""4ec100efbb7eae0f145aebe59fea065b45da569430baeb0ea99b3a12db3915e9""}, ""high20"": 88.779999, ""high50"": 88.779999, ""low20"": 83.860001, ""low50"": 82.150002}",43,paper_trader.update,5f0e3521543b2be86a859e8520c53b5b4f80d0f67b8e3bce216d2330ae8d176b
2026-08-27,01:26:20 IST,US,XLC,LONG,SWING_1d,113.19,456,110.92,117.71,5,111.54,2026-09-01 01:27:38 IST,-760.97,-1.47,CLOSED,3,53.98,Price>EMA9+Range<1%,#3SW Price>EMA9+Range<1% | Expiry 5d,"{""2Green"": 1.0, ""2Red"": 0.0, ""BB_hi"": 114.093707, ""BB_lo"": 107.914293, ""Close"": 113.18, ""EMA20"": 111.174983, ""EMA200"": 111.655481, ""EMA50"": 111.050282, ""EMA9"": 111.73869, ""High"": 113.275002, ""Low"": 112.294998, ""Open"": 112.410004, ""RSI14"": 58.133522, ""Ret"": 0.007657, ""SMA20"": 111.004, ""SMA50"": 110.009402, ""Volume"": 2701500.0, ""_provenance"": {""captured_at_ist"": ""2026-08-27 01:26:20 IST"", ""provider"": ""market_data.download"", ""provider_chain"": [""yfinance"", ""yahoo_chart"", ""nasdaq_or_binance"", ""ohlc_cache""], ""snapshot_sha256"": ""6517b7ae823c6f80e30c2d50df07393a2cb922775b5ebecb2ca0cf654bc08aff""}, ""high20"": 113.5, ""high50"": 114.029999, ""low20"": 105.492996, ""low50"": 105.029999}",44,paper_trader.update,7481c1cd67e92c3a0288199aa4140a199bdb13ddab8ef236c2eb2e2aa7008480
2026-08-27,01:26:29 IST,US,SPY,LONG,INTRADAY_1h,767.04,136,759.22,782.23,6,769.79,2026-08-28 00:57:20 IST,352.6,0.34,CLOSED,16,62.35,Price>SMA20+EMA9>EMA20+EMA20<EMA50+Close>Open,#16ID Price>SMA20+EMA9>EMA20+EMA20<EMA50+Close>Open | Expiry 6h,"{""2Red"": 0.0, ""Close"": 766.890015, ""EMA20"": 765.466694, ""EMA50"": 766.617135, ""EMA9"": 765.635192, ""High"": 767.349976, ""Low"": 765.52002, ""Open"": 765.609985, ""RSI14"": 55.731638, ""Ret"": 0.001672, ""SMA20"": 764.880759, ""SMA50"": 766.460079, ""Volume"": 3674140.0, ""_provenance"": {""captured_at_ist"": ""2026-08-27 01:26:29 IST"", ""provider"": ""market_data.download"", ""provider_chain"": [""yfinance"", ""yahoo_chart"", ""nasdaq_or_binance"", ""ohlc_cache""], ""snapshot_sha256"": ""3784c4c96c4bf403350ccfce032c365669554989a59e5f375dc6129ba567d139""}}",45,paper_trader.update,c235b1620f009426f05f7b41ed082a12b70b2d292a6cb143a14cb0078249bc73
2026-08-31,20:17:47 IST,US,XLV,LONG,SWING_1d,171.18,299,167.74,178.01,5,171.43,2026-09-05 05:30:00 IST,65.36,0.13,CLOSED,4,52.32,EMA9>EMA20+Range<1%,#4SW EMA9>EMA20+Range<1% | Expiry 5d,"{""2Green"": 0.0, ""2Red"": 1.0, ""BB_hi"": 177.80833, ""BB_lo"": 160.692668, ""Close"": 171.160004, ""EMA20"": 169.767931, ""EMA200"": 153.951283, ""EMA50"": 164.324372, ""EMA9"": 172.083661, ""High"": 171.710007, ""Low"": 170.589996, ""Open"": 171.429993, ""RSI14"": 57.156114, ""Ret"": -0.002448, ""SMA20"": 169.250499, ""SMA50"": 163.729879, ""Volume"": 4879300.0, ""_provenance"": {""captured_at_ist"": ""2026-08-31 20:17:47 IST"", ""provider"": ""market_data.download"", ""provider_chain"": [""yfinance"", ""yahoo_chart"", ""nasdaq_or_binance"", ""ohlc_cache""], ""snapshot_sha256"": ""9c5b13218a3d2ce328cb2f2e7d32803533390f839d04812e416383140bb7e387""}, ""high20"": 176.600006, ""high50"": 176.600006, ""low20"": 160.729996, ""low50"": 148.136666}",46,paper_trader.update,a7113945ea52ae8d8cbe717f28c9cd6ac003067581285d19de383aa294672698
2026-08-31,20:17:47 IST,US,XLE,LONG,SWING_1d,62.69,818,61.43,65.19,5,65.18,2026-09-03 00:56:58 IST,2029.41,3.96,CLOSED,3,51.28,EMA9>EMA50+Range<1%,#3SW EMA9>EMA50+Range<1% | Target Hit,"{""2Green"": 0.0, ""2Red"": 0.0, ""BB_hi"": 65.566256, ""BB_lo"": 56.952745, ""Close"": 62.68, ""EMA20"": 61.482668, ""EMA200"": 54.449219, ""EMA50"": 59.472604, ""EMA9"": 62.477193, ""High"": 62.740002, ""Low"": 62.119999, ""Open"": 62.349998, ""RSI14"": 62.129968, ""Ret"": 0.006261, ""SMA20"": 61.259501, ""SMA50"": 58.1441, ""Volume"": 20599600.0, ""_provenance"": {""captured_at_ist"": ""2026-08-31 20:17:47 IST"", ""provider"": ""market_data.download"", ""provider_chain"": [""yfinance"", ""yahoo_chart"", ""nasdaq_or_binance"", ""ohlc_cache""], ""snapshot_sha256"": ""f528add80b6c836a8e80c29430bea8d83def03a9307763f51342341e85b6e147""}, ""high20"": 64.699997, ""high50"": 64.699997, ""low20"": 57.110001, ""low50"": 52.619999}",47,paper_trader.update,1215d1c1245fbf87c1bbcd669b3756c6051abc0925a7045b85d04fcfa759a5df
2026-09-01,04:45:09 IST,CRYPTO,SOL-USD,SHORT,INTRADAY_1h,103.03,630,104.73,100.08,12,102.43,2026-09-01 16:46:47 IST,181.12,0.28,CLOSED,1,47.24,EMA9>EMA20+Price>SMA20+RSI<50,#1ID EMA9>EMA20+Price>SMA20+RSI<50 | Expiry 12h,"{""2Red"": 1.0, ""Close"": 103.18, ""EMA20"": 103.411299, ""EMA50"": 103.800477, ""EMA9"": 103.432655, ""High"": 103.779999, ""Low"": 103.099998, ""Open"": 103.720001, ""RSI14"": 47.470892, ""Ret"": -0.004438, ""SMA20"": 103.072001, ""SMA50"": 104.206801, ""Volume"": 1157376.0, ""_provenance"": {""captured_at_ist"": ""2026-09-01 04:45:09 IST"", ""provider"": ""market_data.download"", ""provider_chain"": [""yfinance"", ""yahoo_chart"", ""nasdaq_or_binance"", ""ohlc_cache""], ""snapshot_sha256"": ""ef6d7a045ffc2750af734b317d97fc5a28f2a347c94512fa8743ba341861e0eb""}}",48,paper_trader.update,bc9d1869eed2e95d736c6b6b99968a4b9c8f6caacef3878e9442e5221bd77d77
2026-09-03,00:20:14 IST,US,XLB,LONG,SWING_1d,52.08,966,51.03,54.15,5,52.43,2026-09-08 00:47:43 IST,332.63,0.66,CLOSED,5,50.21,EMA9>EMA20+Range<1%,#5SW EMA9>EMA20+Range<1% | Expiry 5d,"{""2Green"": 0.0, ""2Red"": 1.0, ""BB_hi"": 53.933542, ""BB_lo"": 51.668459, ""Close"": 52.07, ""EMA20"": 52.631511, ""EMA200"": 49.788698, ""EMA50"": 52.014955, ""EMA9"": 52.846097, ""High"": 52.459999, ""Low"": 52.02, ""Open"": 52.439999, ""RSI14"": 46.449627, ""Ret"": -0.011767, ""SMA20"": 52.801, ""SMA50"": 51.74, ""Volume"": 15500500.0, ""_provenance"": {""captured_at_ist"": ""2026-09-03 00:20:14 IST"", ""provider"": ""market_data.download"", ""provider_chain"": [""yfinance"", ""yahoo_chart"", ""nasdaq_or_binance"", ""ohlc_cache""], ""snapshot_sha256"": ""4c008560e6adf2a2b92f03ff3aba914bff4c1422744acab60897e94b0403e513""}, ""high20"": 54.189999, ""high50"": 54.189999, ""low20"": 51.029999, ""low50"": 49.849998}",49,paper_trader.update,492b202681043132573c9fc55f291c8528839b5e1ce2822c10f0651b749656fc
2026-09-04,00:18:23 IST,US,XLK,LONG,SWING_1d,183.62,280,179.93,190.94,5,188.07,2026-09-09 00:20:41 IST,1235.38,2.4,CLOSED,28,63.73,Price>SMA50+EMA20>EMA50+2Red,#28SW Price>SMA50+EMA20>EMA50+2Red | Expiry 5d,"{""2Green"": 0.0, ""2Red"": 1.0, ""BB_hi"": 191.712855, ""BB_lo"": 179.688148, ""Close"": 183.600006, ""EMA20"": 184.253928, ""EMA200"": 163.733288, ""EMA50"": 182.113823, ""EMA9"": 184.580211, ""High"": 183.779999, ""Low"": 182.270004, ""Open"": 183.460007, ""RSI14"": 49.503374, ""Ret"": -0.000218, ""SMA20"": 185.700501, ""SMA50"": 182.494601, ""Volume"": 5698700.0, ""_provenance"": {""captured_at_ist"": ""2026-09-04 00:18:23 IST"", ""provider"": ""market_data.download"", ""provider_chain"": [""yfinance"", ""yahoo_chart"", ""nasdaq_or_binance"", ""ohlc_cache""], ""snapshot_sha256"": ""6b9dec175776d38099bfb1914d0a25629c9baa7f345badebe6a04ece751808ef""}, ""high20"": 191.75, ""high50"": 191.75, ""low20"": 178.820007, ""low50"": 166.460007}",50,paper_trader.update,17821185de2eabe2e985b4c44d4a253b575860ddfac7cb72f4266479594f2f3e
2026-09-04,00:18:23 IST,CRYPTO,ETH-USD,LONG,SWING_1d,2393.89,20,2343.67,2487.16,5,2484.67,2026-09-04 01:13:45 IST,1672.03,3.49,CLOSED,14,63.36,Price>SMA50+Range>1.5%+2Red,#14SW Price>SMA50+Range>1.5%+2Red | 🎯 Target Hit (live),"{""2Green"": 0.0, ""2Red"": 1.0, ""BB_hi"": 2795.732764, ""BB_lo"": 1802.401318, ""Close"": 2391.500977, ""EMA20"": 2315.842983, ""EMA200"": 2165.750484, ""EMA50"": 2125.223481, ""EMA9"": 2416.411271, ""High"": 2427.401611, ""Low"": 2356.188232, ""Open"": 2417.828369, ""RSI14"": 61.419955, ""Ret"": -0.010894, ""SMA20"": 2299.067041, ""SMA50"": 2053.502986, ""Volume"": 14227785690.0, ""_provenance"": {""captured_at_ist"": ""2026-09-04 00:18:23 IST"", ""provider"": ""market_data.download"", ""provider_chain"": [""yfinance"", ""yahoo_chart"", ""nasdaq_or_binance"", ""ohlc_cache""], ""snapshot_sha256"": ""bceb614e24f483f8b97a38b58fddecc676f19d19395d1082c77cf9b320b6f87a""}, ""high20"": 2564.274414, ""high50"": 2564.274414, ""low20"": 1861.92041, ""low50"": 1772.0177}",51,paper_trader.update,0e4601b14ce6715eaa8395870e7e13775e910e36f72d76b74b18808a94e93e1d
2026-09-05,00:01:07 IST,US,OEF,LONG,SWING_1d,384.36,133,376.63,399.69,5,,,,,OPEN,4,59.53,EMA9>EMA20+Price>SMA20+Range<1%,#4SW EMA9>EMA20+Price>SMA20+Range<1%,"{""2Green"": 1.0, ""2Red"": 0.0, ""BB_hi"": 384.914412, ""BB_lo"": 375.582585, ""Close"": 384.320007, ""EMA20"": 378.7841, ""EMA200"": 352.821272, ""EMA50"": 374.004443, ""EMA9"": 380.273856, ""High"": 385.049988, ""Low"": 381.329987, ""Open"": 381.329987, ""RSI14"": 62.100647, ""Ret"": 0.011235, ""SMA20"": 380.248499, ""SMA50"": 373.018998, ""Volume"": 152400.0, ""_provenance"": {""captured_at_ist"": ""2026-09-05 00:01:07 IST"", ""provider"": ""market_data.download"", ""provider_chain"": [""yfinance"", ""yahoo_chart"", ""nasdaq_or_binance"", ""ohlc_cache""], ""snapshot_sha256"": ""abfffaa65e4253b95842b79cc0c4fd24b91e723a3bb5a1c71936a4e0ad957b60""}, ""high20"": 384.809998, ""high50"": 384.820007, ""low20"": 376.040009, ""low50"": 354.809998}",52,paper_trader.update,7f2efcf5744c659e20f6686ea39d48026b36d936be95d3c6c0ead7c758a3bb6f
2026-09-05,00:01:07 IST,US,KBE,LONG,SWING_1d,69.12,744,67.73,71.87,5,,,,,OPEN,5,50.67,EMA9<EMA50+Price>EMA50,#5SW EMA9<EMA50+Price>EMA50,"{""2Green"": 1.0, ""2Red"": 0.0, ""BB_hi"": 71.993154, ""BB_lo"": 66.775846, ""Close"": 69.110001, ""EMA20"": 68.962509, ""EMA200"": 64.180507, ""EMA50"": 68.553847, ""EMA9"": 68.515681, ""High"": 69.43, ""Low"": 68.519997, ""Open"": 68.690002, ""RSI14"": 50.566608, ""Ret"": 0.011119, ""SMA20"": 69.3845, ""SMA50"": 69.3494, ""Volume"": 1003500.0, ""_provenance"": {""captured_at_ist"": ""2026-09-05 00:01:07 IST"", ""provider"": ""market_data.download"", ""provider_chain"": [""yfinance"", ""yahoo_chart"", ""nasdaq_or_binance"", ""ohlc_cache""], ""snapshot_sha256"": ""06ac2e6e1d165122d46e93bfcd73629fb535999a67502c91a31dd356f9c3e061""}, ""high20"": 71.919998, ""high50"": 71.919998, ""low20"": 66.809998, ""low50"": 66.809998}",53,paper_trader.update,fe1b7783809e66387169e7eb54d40f9299838480bdd7a93c9be98ce118652f73
2026-09-07,11:22:34 IST,CRYPTO,TRX-USD,LONG,SWING_1d,0.3349,10000,0.3272,0.3473,5,,,,,OPEN,2,66.28,Price>SMA50+Range<1%,#2SW Price>SMA50+Range<1%,"{""2Green"": 1.0, ""2Red"": 0.0, ""BB_hi"": 0.34818, ""BB_lo"": 0.323418, ""Close"": 0.333927, ""EMA20"": 0.333584, ""EMA200"": 0.324153, ""EMA50"": 0.332375, ""EMA9"": 0.332427, ""High"": 0.334747, ""Low"": 0.331477, ""Open"": 0.331539, ""RSI14"": 50.659837, ""Ret"": 0.007209, ""SMA20"": 0.335799, ""SMA50"": 0.331667, ""Volume"": 308281984.0, ""_provenance"": {""captured_at_ist"": ""2026-09-07 11:22:34 IST"", ""provider"": ""market_data.download"", ""provider_chain"": [""yfinance"", ""yahoo_chart"", ""nasdaq_or_binance"", ""ohlc_cache""], ""snapshot_sha256"": ""7600fa929fe73fa7401d6bfbe86db098b69cda878289f54ac466b6c9a918540c""}, ""high20"": 0.349996, ""high50"": 0.349996, ""low20"": 0.321569, ""low50"": 0.321457}",54,paper_trader.update,3a92f0ea4a470bbbbd44f3830ab09bf7b30972148216dc15a418c7a0f4728f35
2026-09-09,00:20:42 IST,US,XLV,LONG,SWING_1d,171.47,314,168.02,178.31,5,168.0,2026-09-09 01:02:44 IST,-1099.35,-2.04,CLOSED,4,52.32,EMA9>EMA20+Range<1%,#4SW EMA9>EMA20+Range<1% | 🎯 SL Hit (live),"{""2Green"": 0.0, ""2Red"": 0.0, ""BB_hi"": 176.798755, ""BB_lo"": 165.82624, ""Close"": 171.449997, ""EMA20"": 170.660546, ""EMA200"": 154.818785, ""EMA50"": 165.715924, ""EMA9"": 172.087216, ""High"": 172.529999, ""Low"": 171.240005, ""Open"": 171.389999, ""RSI14"": 55.529727, ""Ret"": -0.010447, ""SMA20"": 171.312498, ""SMA50"": 165.727999, ""Volume"": 6083000.0, ""_provenance"": {""captured_at_ist"": ""2026-09-09 00:20:42 IST"", ""provider"": ""market_data.download"", ""provider_chain"": [""yfinance"", ""yahoo_chart"", ""nasdaq_or_binance"", ""ohlc_cache""], ""snapshot_sha256"": ""44670098855ad96888cc2dab18b682407e5130dfe00fe74e11bc4ccf032eec28""}, ""high20"": 176.600006, ""high50"": 176.600006, ""low20"": 162.919998, ""low50"": 153.589996}",55,live_pnl_updater.exit,f5788029809c38801bca349fcc34cdd7b3ba6d96b4aec7d5d024b967058a882e
2026-09-09,17:10:43 IST,CRYPTO,SOL-USD,SHORT,INTRADAY_1h,103.63,1217,105.35,100.68,12,,,,,OPEN,1,47.24,EMA9>EMA20+Price>SMA20+RSI<50,#1ID EMA9>EMA20+Price>SMA20+RSI<50,"{""2Red"": 0.0, ""Close"": 103.790001, ""EMA20"": 103.838416, ""EMA50"": 103.876237, ""EMA9"": 103.993741, ""High"": 104.050003, ""Low"": 103.480003, ""Open"": 103.489998, ""RSI14"": 49.770588, ""Ret"": 0.002802, ""SMA20"": 103.7825, ""SMA50"": 103.7752, ""Volume"": 17383936.0, ""_provenance"": {""captured_at_ist"": ""2026-09-09 17:10:43 IST"", ""provider"": ""market_data.download"", ""provider_chain"": [""yfinance"", ""yahoo_chart"", ""nasdaq_or_binance"", ""ohlc_cache""], ""snapshot_sha256"": ""9aaf3858637b395153a1eb6f1f3f5a4337236e3bc92c730aee983cd6ceb4eec1""}}",56,paper_trader.enter,28b81eebb311d6b6b1c99b94ba24d26fccff7aa66f20d33c02e3e29634492101
