Date,Time_IST,Mode,Ticker,Direction,TimeFrame,Entry_Price,Qty,SL,Target,MaxHold,Exit_Price,Exit_Time,P&L,P&L_%,Status,Pattern_Rank,Expected_WinRate,Pattern_Factors,Reason,Signal_Indicators
2026-07-29,01:14:16 IST,US,^GSPC,LONG,INTRADAY_1h,7435.34,13,7360.99,7584.05,6,7360.99,21:00:00 IST,-985.88,-1.02,CLOSED,16,62.35,Price>SMA20+EMA9>EMA20+EMA20<EMA50+Close>Open,#16ID Price>SMA20+EMA9>EMA20+EMA20<EMA50+Close>Open | SL Hit,
2026-07-30,01:05:35 IST,US,^SOX,LONG,SWING_1d,10658.62,4,10445.45,11084.96,5,11084.96,2026-07-30 00:00:00 IST,1696.83,3.98,CLOSED,3,60.59,Price<SMA50+EMA20<EMA50+Close<Open,#3SW Price<SMA50+EMA20<EMA50+Close<Open | Target Hit,
2026-07-31,01:14:10 IST,US,^NDX,LONG,INTRADAY_1h,28110.43,3,27829.33,28672.64,6,28351.75,00:00:00 IST,707.09,0.84,CLOSED,6,62.86,Price>SMA20+Price<SMA50+EMA9>EMA20+EMA20<EMA50,#6ID Price>SMA20+Price<SMA50+EMA9>EMA20+EMA20<EMA50 | Expiry 6h,"{""Volume"": 139751000.0, ""Ret"": 0.002212, ""EMA20"": 27868.161217, ""EMA9"": 27912.04169, ""2Red"": 0.0, ""SMA50"": 28189.130977, ""SMA20"": 27741.636719, ""Low"": 28020.814453, ""EMA50"": 28132.698719, ""Open"": 28055.808594, ""High"": 28168.037109, ""RSI14"": 55.16046, ""Close"": 28115.818359}"
2026-07-31,01:14:10 IST,US,^GSPC,LONG,INTRADAY_1h,7442.12,12,7367.7,7590.96,6,7498.18,00:00:00 IST,654.86,0.73,CLOSED,16,62.35,Price>SMA20+EMA9>EMA20+EMA20<EMA50+Close>Open,#16ID Price>SMA20+EMA9>EMA20+EMA20<EMA50+Close>Open | Expiry 6h,"{""Volume"": 320621000.0, ""Ret"": 0.001882, ""EMA20"": 7405.644297, ""EMA9"": 7409.114328, ""2Red"": 0.0, ""SMA50"": 7426.554189, ""SMA20"": 7403.30896, ""Low"": 7424.149902, ""EMA50"": 7425.4437, ""Open"": 7427.850098, ""High"": 7448.75, ""RSI14"": 55.618168, ""Close"": 7441.779785}"
2026-07-31,09:48:19 IST,US,^NDX,LONG,INTRADAY_1h,28099.85,3,27818.85,28661.85,6,28351.75,00:00:00 IST,738.84,0.88,CLOSED,6,62.86,Price>SMA20+Price<SMA50+EMA9>EMA20+EMA20<EMA50,#6ID Price>SMA20+Price<SMA50+EMA9>EMA20+EMA20<EMA50 | Expiry 6h,"{""Open"": 28114.703125, ""EMA9"": 27949.603274, ""EMA20"": 27890.226778, ""EMA50"": 28131.41051, ""Close"": 28099.849609, ""Low"": 28078.162109, ""SMA20"": 27769.039844, ""SMA50"": 28168.709687, ""Volume"": 136392000.0, ""High"": 28132.75, ""Ret"": -0.000568, ""2Red"": 0.0, ""RSI14"": 54.714079}"
2026-07-31,22:30:40 IST,US,^GSPC,LONG,INTRADAY_1h,7469.62,11,7394.92,7619.01,6,7595.14,22:00:00 IST,1364.29,1.66,CLOSED,16,62.35,Price>SMA20+EMA9>EMA20+EMA20<EMA50+Close>Open,#16ID Price>SMA20+EMA9>EMA20+EMA20<EMA50+Close>Open | Expiry 6h,"{""Close"": 7467.189941, ""Low"": 7421.779785, ""SMA50"": 7421.043184, ""EMA9"": 7428.670236, ""Ret"": 0.005654, ""Open"": 7425.459961, ""SMA20"": 7405.795923, ""EMA20"": 7417.20706, ""Volume"": 267257000.0, ""RSI14"": 59.320997, ""2Red"": 0.0, ""High"": 7467.370117, ""EMA50"": 7427.595754}"
2026-08-01,01:15:20 IST,US,^SOX,LONG,SWING_1d,11432.22,4,11203.58,11889.51,5,11203.58,2026-08-03 00:00:00 IST,-923.71,-2.02,CLOSED,3,60.59,Price<SMA50+EMA20<EMA50+Close<Open,#3SW Price<SMA50+EMA20<EMA50+Close<Open | SL Hit,"{""Volume"": 0.0, ""EMA20"": 11966.062376, ""RSI14"": 43.587381, ""Low"": 11231.787109, ""2Red"": 0.0, ""EMA9"": 11511.230674, ""EMA50"": 12086.272196, ""SMA50"": 12738.933203, ""High"": 11885.740234, ""SMA20"": 12054.971973, ""Ret"": 0.011433, ""Close"": 11432.22168, ""Open"": 11715.462891}"
2026-08-05,01:17:01 IST,US,^NDX,LONG,SWING_1d,29815.05,1,29218.75,31007.66,5,29215.83,2026-08-06 20:23:07 IST,-605.18,-2.03,CLOSED,49,76.09,Price>SMA50+EMA9<EMA20,#49SW Price>SMA50+EMA9<EMA20 | SL Hit (intraday),"{""SMA20"": 28804.195215, ""Close"": 29815.054688, ""EMA50"": 28808.688685, ""Open"": 29109.257812, ""Ret"": 0.03608, ""Volume"": 1214152000.0, ""EMA9"": 28623.371081, ""RSI14"": 58.488969, ""High"": 29831.402344, ""SMA50"": 29388.400469, ""2Red"": 0.0, ""Low"": 29109.257812, ""EMA20"": 28757.935581}"
2026-08-05,01:17:01 IST,US,XLK,LONG,SWING_1d,187.55,266,183.8,195.05,5,183.78,2026-08-06 20:23:07 IST,-1012.37,-2.03,CLOSED,75,69.57,Price>SMA50+EMA9<EMA20,#75SW Price>SMA50+EMA9<EMA20 | SL Hit (intraday),"{""SMA20"": 178.592001, ""Close"": 187.550003, ""EMA50"": 177.843942, ""Open"": 182.520004, ""Ret"": 0.053415, ""Volume"": 11151001.0, ""EMA9"": 177.956007, ""RSI14"": 59.045479, ""High"": 187.705002, ""SMA50"": 183.167201, ""2Red"": 0.0, ""Low"": 181.869995, ""EMA20"": 178.56525}"
2026-08-05,15:13:11 IST,US,^SOX,LONG,SWING_1d,12179.26,4,11935.67,12666.43,5,11934.48,2026-08-06 20:23:07 IST,-988.87,-2.03,CLOSED,43,46.96,RSI>50+SMA20<SMA50,#43SW RSI>50+SMA20<SMA50 | SL Hit (intraday),"{""Open"": 11834.769531, ""2Red"": 0.0, ""Low"": 11834.769531, ""EMA50"": 12060.819678, ""High"": 12258.080078, ""Volume"": 0.0, ""Close"": 12179.259766, ""SMA20"": 11969.362402, ""SMA50"": 12733.155156, ""EMA9"": 11616.389397, ""Ret"": 0.065519, ""RSI14"": 51.036819, ""EMA20"": 11930.761336}"
2026-08-05,21:46:25 IST,CRYPTO,TRX-USD,SHORT,INTRADAY_1h,0.3273,10000,0.3322,0.3175,12,0.327,09:49:25 IST,-6.47,-0.2,CLOSED,1,47.24,EMA9>EMA20+Price>SMA20+RSI<50,#1ID EMA9>EMA20+Price>SMA20+RSI<50 | Expiry 12h,"{""Low"": 0.327155, ""Close"": 0.327305, ""EMA9"": 0.327714, ""High"": 0.327798, ""EMA50"": 0.327798, ""2Red"": 1.0, ""SMA20"": 0.327275, ""RSI14"": 45.145799, ""SMA50"": 0.328237, ""Volume"": 11714432.0, ""EMA20"": 0.327706, ""Open"": 0.327798, ""Ret"": -0.00148}"
2026-08-06,01:17:18 IST,CRYPTO,ADA-USD,SHORT,SWING_1d,0.1895,10000,0.1933,0.1819,5,0.1935,2026-08-06 20:23:07 IST,-45.62,-2.41,CLOSED,41,68.09,Price>SMA20+EMA20<EMA50+2Red,#41SW Price>SMA20+EMA20<EMA50+2Red | SL Hit (intraday),"{""Volume"": 421094816.0, ""RSI14"": 63.659106, ""EMA20"": 0.174735, ""EMA9"": 0.181409, ""Low"": 0.189612, ""SMA50"": 0.165715, ""EMA50"": 0.175932, ""High"": 0.197316, ""2Red"": 1.0, ""Close"": 0.18953, ""SMA20"": 0.171762, ""Open"": 0.192801, ""Ret"": -0.01691}"
2026-08-06,01:17:18 IST,US,^NYA,LONG,SWING_1d,24537.38,2,24046.63,25518.87,5,24663.74,2026-08-11 01:36:05 IST,242.91,0.49,CLOSED,3,60.9,Range<1%+SMA20<EMA20,#3SW Range<1%+SMA20<EMA20 | Expiry 5d,"{""Volume"": 0.0, ""RSI14"": 67.516396, ""EMA20"": 24059.575665, ""EMA9"": 24230.078069, ""Low"": 24462.867188, ""SMA50"": 23729.883164, ""EMA50"": 23750.915255, ""High"": 24653.005859, ""2Red"": 0.0, ""Close"": 24537.376953, ""SMA20"": 24015.304297, ""Open"": 24462.867188, ""Ret"": 0.003046}"
2026-08-06,20:23:19 IST,US,^NDX,LONG,INTRADAY_1h,29470.96,3,29170.42,30054.37,6,29164.59,2026-08-06 21:16:19 IST,-936.8,-1.06,CLOSED,25,70.0,Close>Open+2Red,#25ID Close>Open+2Red | SL Hit (intraday),"{""EMA9"": 29560.877392, ""2Red"": 1.0, ""SMA50"": 28521.436641, ""SMA20"": 29416.817383, ""Low"": 29128.048828, ""Volume"": 318341795.0, ""RSI14"": 61.700793, ""Close"": 29465.068359, ""EMA20"": 29350.724387, ""EMA50"": 28898.089489, ""Ret"": -0.000211, ""Open"": 29235.292969, ""High"": 29553.318359}"
2026-08-07,05:40:03 IST,US,^NDX,LONG,SWING_1d,29376.27,1,28785.87,30548.27,5,29519.97,2026-08-12 08:36:01 IST,137.82,0.47,CLOSED,45,73.33,Close>Open+2Red,#45SW Close>Open+2Red | Expiry 5d,"{""EMA50"": 28853.454054, ""Close"": 29373.333984, ""Volume"": 1403842000.0, ""RSI14"": 54.354005, ""High"": 29569.755859, ""2Red"": 1.0, ""Ret"": -0.003881, ""Low"": 29123.382812, ""EMA20"": 28873.050214, ""EMA9"": 28901.188038, ""Open"": 29224.375, ""SMA50"": 29374.32582, ""SMA20"": 28794.173633}"
2026-08-07,05:40:03 IST,US,^SOX,LONG,SWING_1d,12049.9,4,11807.72,12530.64,5,12095.16,2026-08-12 08:36:01 IST,171.41,0.36,CLOSED,46,45.96,Price>EMA20+SMA20<SMA50,#46SW Price>EMA20+SMA20<SMA50 | Expiry 5d,"{""EMA50"": 12058.387158, ""Close"": 12048.693359, ""Volume"": 0.0, ""RSI14"": 49.842646, ""High"": 12288.563477, ""2Red"": 0.0, ""Ret"": 0.003315, ""Low"": 11707.776367, ""EMA20"": 11948.724261, ""EMA9"": 11765.648667, ""Open"": 11825.860352, ""SMA50"": 12712.717617, ""SMA20"": 11895.492578}"
2026-08-08,00:37:34 IST,CRYPTO,TRX-USD,SHORT,INTRADAY_1h,0.3268,10000,0.332,0.3173,12,0.3275,2026-08-08 13:01:57 IST,-17.02,-0.52,CLOSED,1,47.24,EMA9>EMA20+Price>SMA20+RSI<50,#1ID EMA9>EMA20+Price>SMA20+RSI<50 | Expiry 12h,"{""2Red"": 1.0, ""RSI14"": 49.4432, ""Ret"": -0.00037, ""High"": 0.327248, ""Open"": 0.327248, ""EMA20"": 0.327188, ""SMA20"": 0.327116, ""EMA50"": 0.327215, ""Low"": 0.326881, ""Volume"": 8043904.0, ""SMA50"": 0.327131, ""Close"": 0.327127, ""EMA9"": 0.327275}"
2026-08-11,00:37:04 IST,US,XLI,LONG,SWING_1d,184.84,270,181.12,192.21,5,186.48,2026-08-16 00:56:05 IST,433.18,0.87,CLOSED,4,61.47,Range<1%+SMA20<EMA20,#4SW Range<1%+SMA20<EMA20 | Expiry 5d,"{""BB_hi"": 187.426515, ""EMA20"": 182.426318, ""high20"": 188.190002, ""Open"": 185.929993, ""EMA200"": 169.225869, ""Volume"": 2553207.0, ""low50"": 169.449997, ""Low"": 184.604996, ""2Red"": 0.0, ""RSI14"": 57.680404, ""EMA9"": 183.784795, ""BB_lo"": 175.728485, ""2Green"": 0.0, ""high50"": 188.190002, ""Close"": 184.820007, ""SMA20"": 181.5775, ""High"": 185.929993, ""EMA50"": 179.890935, ""low20"": 175.960007, ""SMA50"": 179.9484, ""Ret"": -0.001944}"
2026-08-11,00:37:04 IST,US,XLC,LONG,SWING_1d,111.48,448,109.24,115.92,5,112.93,2026-08-16 00:56:05 IST,639.03,1.28,CLOSED,5,54.05,Close>Open+Range<1%,#5SW Close>Open+Range<1% | Expiry 5d,"{""BB_hi"": 114.328202, ""EMA20"": 110.145212, ""high20"": 114.029999, ""Open"": 111.239998, ""EMA200"": 112.120235, ""Volume"": 2138656.0, ""low50"": 105.029999, ""Low"": 110.699997, ""2Red"": 0.0, ""RSI14"": 54.408348, ""EMA9"": 110.582039, ""BB_lo"": 105.636297, ""2Green"": 1.0, ""high50"": 116.839996, ""Close"": 111.464996, ""SMA20"": 109.98225, ""High"": 111.529999, ""EMA50"": 110.809531, ""low20"": 105.254997, ""SMA50"": 110.2619, ""Ret"": 0.001933}"
2026-08-12,00:43:12 IST,US,^NYA,LONG,SWING_1d,24692.08,2,24195.82,25677.2,5,24814.03,2026-08-17 00:56:07 IST,234.03,0.47,CLOSED,3,60.9,Range<1%+SMA20<EMA20,#3SW Range<1%+SMA20<EMA20 | Expiry 5d,"{""Volume"": 0.0, ""BB_lo"": 23536.070627, ""SMA20"": 24158.738281, ""high20"": 24692.689453, ""low20"": 23654.550781, ""low50"": 23051.849609, ""High"": 24782.722656, ""2Red"": 0.0, ""RSI14"": 70.126241, ""high50"": 24692.689453, ""SMA50"": 23835.007969, ""2Green"": 1.0, ""Open"": 24667.884766, ""EMA200"": 22811.837779, ""EMA50"": 23877.553177, ""BB_hi"": 24781.405935, ""Low"": 24667.884766, ""EMA9"": 24462.853514, ""Ret"": 0.000881, ""Close"": 24689.615234, ""EMA20"": 24242.195406}"
2026-08-12,20:06:12 IST,CRYPTO,BTC-USD,SHORT,INTRADAY_1h,63716.78,1,64737.27,61867.14,12,63426.97,2026-08-13 08:06:22 IST,98.66,0.15,CLOSED,1,47.42,EMA9>EMA20+Price>SMA20+RSI<50,#1ID EMA9>EMA20+Price>SMA20+RSI<50 | Expiry 12h,"{""EMA20"": 63854.973973, ""Open"": 64067.238281, ""SMA20"": 63745.882617, ""Close"": 63780.558594, ""EMA9"": 63908.365287, ""High"": 64099.988281, ""EMA50"": 64005.891592, ""Low"": 63770.890625, ""Ret"": -0.004462, ""Volume"": 0.0, ""RSI14"": 47.21763, ""2Red"": 1.0, ""SMA50"": 63913.483359}"
2026-08-13,00:20:31 IST,US,^SOX,LONG,SWING_1d,12489.52,4,12238.5,12987.8,5,12692.89,2026-08-18 00:20:50 IST,803.48,1.61,CLOSED,3,60.59,Price<SMA50+EMA20<EMA50+Close<Open,#3SW Price<SMA50+EMA20<EMA50+Close<Open | Expiry 5d,"{""Low"": 12395.035156, ""EMA9"": 12053.167551, ""Ret"": 0.032219, ""High"": 12531.764648, ""BB_lo"": 10772.578056, ""SMA20"": 11823.573828, ""RSI14"": 54.204587, ""EMA20"": 12045.314772, ""low20"": 10445.44043, ""high50"": 14655.290039, ""2Red"": 0.0, ""SMA50"": 12664.938105, ""Open"": 12518.9375, ""2Green"": 1.0, ""high20"": 12785.400391, ""EMA200"": 9935.883468, ""Close"": 12488.267578, ""low50"": 10445.44043, ""BB_hi"": 12874.569601, ""Volume"": 0.0, ""EMA50"": 12084.798096}"
2026-08-13,00:20:31 IST,US,^NDX,LONG,SWING_1d,29815.4,1,29216.17,31004.91,5,30031.75,2026-08-18 00:20:50 IST,210.39,0.71,CLOSED,64,60.0,Price>SMA50+SMA20<SMA50,#64SW Price>SMA50+SMA20<SMA50 | Expiry 5d,"{""Low"": 29715.882812, ""EMA9"": 29359.640088, ""Ret"": 0.009718, ""High"": 29881.501953, ""BB_lo"": 27325.025984, ""SMA20"": 28819.368359, ""RSI14"": 57.697353, ""EMA20"": 29137.008391, ""low20"": 27176.029297, ""high50"": 30762.199219, ""2Red"": 0.0, ""SMA50"": 29327.075664, ""Open"": 29875.179688, ""2Green"": 0.0, ""high20"": 29946.939453, ""EMA200"": 26918.89614, ""Close"": 29812.414062, ""low50"": 27176.029297, ""BB_hi"": 30313.710735, ""Volume"": 907367170.0, ""EMA50"": 28974.414077}"
2026-08-13,19:26:46 IST,CRYPTO,BTC-USD,SHORT,INTRADAY_1h,63558.02,1,64575.97,61712.99,12,63572.72,2026-08-14 07:29:09 IST,-205.37,-0.32,CLOSED,1,47.42,EMA9>EMA20+Price>SMA20+RSI<50,#1ID EMA9>EMA20+Price>SMA20+RSI<50 | Expiry 12h,"{""Low"": 63371.941406, ""Volume"": 623003648.0, ""2Red"": 0.0, ""EMA20"": 63611.818313, ""Ret"": 0.00326, ""SMA50"": 63656.751172, ""SMA20"": 63543.019141, ""EMA9"": 63614.341905, ""RSI14"": 49.860262, ""High"": 63637.871094, ""Close"": 63621.640625, ""EMA50"": 63731.383884, ""Open"": 63414.898438}"
2026-08-14,08:51:44 IST,US,^DJT,LONG,SWING_1d,21930.29,2,21489.54,22805.22,5,21487.39,2026-08-19 07:44:59 IST,-894.57,-2.04,CLOSED,2,60.75,Price>SMA20+SMA20<SMA50,#2SW Price>SMA20+SMA20<SMA50 | SL Hit (intraday),"{""Low"": 21706.529297, ""EMA20"": 21709.269926, ""high20"": 22856.289062, ""Close"": 21928.099609, ""SMA50"": 21934.447109, ""low50"": 20877.189453, ""low20"": 20877.189453, ""BB_hi"": 22969.986474, ""EMA9"": 21597.663008, ""2Red"": 0.0, ""EMA50"": 21649.711973, ""2Green"": 1.0, ""high50"": 22856.289062, ""SMA20"": 21838.179492, ""High"": 21981.060547, ""BB_lo"": 20706.37251, ""RSI14"": 53.287871, ""Open"": 21706.529297, ""Ret"": 0.014971, ""Volume"": 55091251.0, ""EMA200"": 19802.261638}"
2026-08-16,07:48:23 IST,US,XLI,LONG,SWING_1d,186.53,274,182.78,193.97,5,182.76,2026-08-19 19:50:06 IST,-1042.73,-2.04,CLOSED,4,61.47,Range<1%+SMA20<EMA20,#4SW Range<1%+SMA20<EMA20 | 🎯 SL Hit (live),"{""High"": 186.880005, ""Ret"": 0.003875, ""low20"": 175.960007, ""2Green"": 0.0, ""high50"": 188.190002, ""RSI14"": 61.078094, ""EMA50"": 180.784267, ""Close"": 186.509995, ""EMA200"": 169.903574, ""SMA20"": 182.757, ""Open"": 186.179993, ""low50"": 169.449997, ""high20"": 188.190002, ""BB_hi"": 189.255108, ""Volume"": 3590300.0, ""BB_lo"": 176.258892, ""Low"": 185.600006, ""EMA9"": 185.096948, ""EMA20"": 183.591208, ""SMA50"": 180.9462, ""2Red"": 0.0}"
2026-08-16,07:48:23 IST,US,XLC,LONG,SWING_1d,112.96,453,110.69,117.47,5,110.68,2026-08-17 23:46:30 IST,-1043.55,-2.04,CLOSED,5,54.05,Close>Open+Range<1%,#5SW Close>Open+Range<1% | 🎯 SL Hit (live),"{""High"": 113.5, ""Ret"": 0.003554, ""low20"": 105.254997, ""2Green"": 1.0, ""high50"": 114.900002, ""RSI14"": 57.693389, ""EMA50"": 110.952212, ""Close"": 112.949997, ""EMA200"": 112.127388, ""SMA20"": 109.915, ""Open"": 112.760002, ""low50"": 105.029999, ""high20"": 114.029999, ""BB_hi"": 114.157832, ""Volume"": 2982800.0, ""BB_lo"": 105.672169, ""Low"": 112.644997, ""EMA9"": 111.36794, ""EMA20"": 110.655025, ""SMA50"": 110.0872, ""2Red"": 0.0}"
2026-08-17,07:46:08 IST,US,^NYA,LONG,SWING_1d,24824.16,2,24325.25,25814.55,5,24731.06,2026-08-22 08:30:51 IST,-196.13,-0.4,CLOSED,3,60.9,Range<1%+SMA20<EMA20,#3SW Range<1%+SMA20<EMA20 | Expiry 5d,"{""low50"": 23051.849609, ""high20"": 24865.810547, ""Low"": 24793.119141, ""EMA9"": 24627.550049, ""Close"": 24821.679688, ""EMA50"": 23981.451262, ""Open"": 24809.650391, ""high50"": 24865.810547, ""RSI14"": 72.874542, ""BB_hi"": 25013.035497, ""2Red"": 0.0, ""low20"": 23654.550781, ""SMA50"": 23920.874648, ""Ret"": 0.000485, ""SMA20"": 24295.94502, ""EMA200"": 22873.769402, ""High"": 24856.580078, ""2Green"": 1.0, ""EMA20"": 24386.256507, ""Volume"": 4159900000.0, ""BB_lo"": 23578.854542}"
2026-08-18,00:20:52 IST,US,^NDX,LONG,SWING_1d,30037.75,1,29434.06,31236.14,5,29431.12,2026-08-18 21:08:34 IST,-612.64,-2.04,CLOSED,31,65.29,Price>SMA50+2Red,#31SW Price>SMA50+2Red | 🎯 SL Hit (live),"{""2Green"": 0.0, ""BB_lo"": 27286.095909, ""BB_hi"": 30739.932411, ""EMA50"": 29094.133399, ""SMA50"": 29296.19418, ""high20"": 30179.820312, ""low50"": 27176.029297, ""Open"": 30150.775391, ""Volume"": 738669961.0, ""2Red"": 1.0, ""EMA200"": 27018.968072, ""RSI14"": 59.464348, ""low20"": 27176.029297, ""Ret"": -0.000379, ""EMA20"": 29369.788772, ""high50"": 30642.570312, ""Low"": 29991.732422, ""Close"": 30034.75, ""EMA9"": 29690.135225, ""SMA20"": 29013.01416, ""High"": 30195.71875}"
2026-08-18,00:20:52 IST,US,^SOX,LONG,SWING_1d,12695.43,4,12440.27,13201.92,5,12439.03,2026-08-18 19:01:05 IST,-1035.78,-2.04,CLOSED,47,52.14,Price>SMA50+SMA20<SMA50,#47SW Price>SMA50+SMA20<SMA50 | 🎯 SL Hit (live),"{""2Green"": 0.0, ""BB_lo"": 10774.692673, ""BB_hi"": 13091.762894, ""EMA50"": 12131.559047, ""SMA50"": 12589.289883, ""high20"": 12704.379883, ""low50"": 10445.44043, ""Open"": 12615.713867, ""Volume"": 0.0, ""2Red"": 0.0, ""EMA200"": 10014.932117, ""RSI14"": 56.525525, ""low20"": 10445.44043, ""Ret"": 0.022317, ""EMA20"": 12164.888538, ""high50"": 14655.290039, ""Low"": 12548.760742, ""Close"": 12694.15625, ""EMA9"": 12282.046905, ""SMA20"": 11933.227783, ""High"": 12770.709961}"
2026-08-18,22:27:41 IST,CRYPTO,TRX-USD,SHORT,INTRADAY_1h,0.3308,10000,0.3368,0.3219,12,0.3336,2026-08-19 10:28:01 IST,-38.32,-1.16,CLOSED,1,47.24,EMA9>EMA20+Price>SMA20+RSI<50,#1ID EMA9>EMA20+Price>SMA20+RSI<50 | Expiry 12h,"{""High"": 0.332598, ""Ret"": -0.000957, ""SMA50"": 0.331667, ""2Red"": 0.0, ""SMA20"": 0.33175, ""Close"": 0.33181, ""EMA20"": 0.331911, ""EMA50"": 0.331742, ""RSI14"": 49.741539, ""Low"": 0.331808, ""Volume"": 6364288.0, ""Open"": 0.33212, ""EMA9"": 0.332101}"
2026-08-19,00:19:33 IST,US,^NDX,LONG,SWING_1d,29497.05,1,28904.22,30673.86,5,29306.32,2026-08-24 00:57:24 IST,-196.63,-0.67,CLOSED,31,65.29,Price>SMA50+2Red,#31SW Price>SMA50+2Red | Expiry 5d,"{""EMA200"": 27043.208412, ""Open"": 29594.888672, ""2Red"": 1.0, ""Volume"": 761896613.0, ""EMA20"": 29378.235547, ""BB_lo"": 27293.298193, ""EMA50"": 29108.335005, ""SMA50"": 29306.136797, ""low20"": 27176.029297, ""RSI14"": 52.234146, ""low50"": 27176.029297, ""EMA9"": 29644.629039, ""2Green"": 0.0, ""Ret"": -0.016712, ""Low"": 29425.083984, ""high50"": 30642.570312, ""High"": 29677.287109, ""Close"": 29494.099609, ""BB_hi"": 30762.685206, ""SMA20"": 29027.991699, ""high20"": 30195.720703}"
2026-08-19,00:19:33 IST,US,XLC,LONG,SWING_1d,110.91,449,108.68,115.34,5,111.4,2026-08-24 00:57:24 IST,209.54,0.42,CLOSED,5,54.05,Close>Open+Range<1%,#5SW Close>Open+Range<1% | Expiry 5d,"{""EMA200"": 112.102379, ""Open"": 110.860001, ""2Red"": 0.0, ""Volume"": 2588486.0, ""EMA20"": 110.75551, ""BB_lo"": 105.694056, ""EMA50"": 110.959507, ""SMA50"": 110.0098, ""low20"": 105.254997, ""RSI14"": 50.840141, ""low50"": 105.029999, ""EMA9"": 111.226984, ""2Green"": 0.0, ""Ret"": 0.000722, ""Low"": 110.440002, ""high50"": 114.029999, ""High"": 111.445, ""Close"": 110.900002, ""BB_hi"": 114.286943, ""SMA20"": 109.9905, ""high20"": 113.5}"
2026-08-19,00:19:42 IST,CRYPTO,LINK-USD,SHORT,INTRADAY_1h,9.42,6388,9.59,9.16,12,9.62,2026-08-19 08:48:22 IST,-1450.26,-2.41,CLOSED,2,48.77,EMA9>EMA20+Price>SMA20+RSI<50,#2ID EMA9>EMA20+Price>SMA20+RSI<50 | 🎯 SL Hit (live),"{""EMA9"": 9.456613, ""Open"": 9.515, ""Ret"": -0.007146, ""Low"": 9.444, ""2Red"": 0.0, ""Volume"": 0.0, ""High"": 9.515, ""SMA50"": 9.4516, ""Close"": 9.448, ""EMA20"": 9.453193, ""EMA50"": 9.432804, ""SMA20"": 9.4472, ""RSI14"": 49.444614}"
2026-08-20,00:15:32 IST,US,^SOX,LONG,SWING_1d,11769.04,4,11532.51,12238.58,5,11531.36,2026-08-24 19:00:59 IST,-960.15,-2.04,CLOSED,3,60.59,Price<SMA50+EMA20<EMA50+Close<Open,#3SW Price<SMA50+EMA20<EMA50+Close<Open | SL Hit (intraday),"{""high50"": 14655.290039, ""2Red"": 1.0, ""SMA50"": 12560.484199, ""SMA20"": 11879.24458, ""Volume"": 0.0, ""2Green"": 0.0, ""Ret"": -0.018728, ""RSI14"": 45.395373, ""Close"": 11767.862305, ""EMA50"": 12109.407205, ""BB_hi"": 12987.608313, ""High"": 12138.508789, ""high20"": 12770.709961, ""low50"": 10445.44043, ""EMA9"": 12123.512074, ""low20"": 10445.44043, ""BB_lo"": 10770.880847, ""EMA20"": 12106.515365, ""Low"": 11633.796875, ""EMA200"": 10051.141803, ""Open"": 12063.850586}"
2026-08-22,00:18:33 IST,US,^DJT,LONG,SWING_1d,21574.15,2,21140.55,22434.87,5,21468.470703125,2026-08-25 20:32:54 IST,-211.36,-0.49,CLOSED,2,60.75,Price>SMA20+SMA20<SMA50,#2SW Price>SMA20+SMA20<SMA50 | STRATEGY_RETIRED v5.27,"{""2Green"": 0.0, ""2Red"": 0.0, ""BB_hi"": 22095.196229, ""BB_lo"": 20985.594982, ""Close"": 21571.990234, ""EMA20"": 21646.974173, ""EMA200"": 19908.947899, ""EMA50"": 21635.462685, ""EMA9"": 21563.034151, ""High"": 21665.400391, ""Low"": 21477.820312, ""Open"": 21480.509766, ""RSI14"": 47.699965, ""Ret"": 0.008874, ""SMA20"": 21540.395605, ""SMA50"": 21894.417578, ""Volume"": 30341318.0, ""_provenance"": {""captured_at_ist"": ""2026-08-22 00:18:33 IST"", ""provider"": ""market_data.download"", ""provider_chain"": [""yfinance"", ""yahoo_chart"", ""nasdaq_or_binance"", ""ohlc_cache""], ""snapshot_sha256"": ""2cb9ebe691a743091cd4a46c4f5ece28ed27ac8dd3b0eb394d3a9071dd8347b5""}, ""high20"": 22727.460938, ""high50"": 22856.289062, ""low20"": 20877.189453, ""low50"": 20877.189453}"
2026-08-23,07:51:10 IST,CRYPTO,AVAX-USD,LONG,SWING_1d,7.47,5979,7.3,7.75,5,7.28,2026-08-23 11:27:12 IST,-1281.36,-2.87,CLOSED,7,66.1,RSI>65+EMA9>EMA20+Close<Open,#7SW RSI>65+EMA9>EMA20+Close<Open | 🎯 SL Hit (live),"{""2Green"": 0.0, ""2Red"": 0.0, ""BB_hi"": 7.463469, ""BB_lo"": 5.768991, ""Close"": 7.451, ""EMA20"": 6.73344, ""EMA200"": 8.91311, ""EMA50"": 6.720696, ""EMA9"": 6.982427, ""High"": 7.571991, ""Low"": 7.457647, ""Open"": 7.500204, ""RSI14"": 65.820131, ""Ret"": -0.049786, ""SMA20"": 6.61623, ""SMA50"": 6.586831, ""Volume"": 571978752.0, ""_provenance"": {""captured_at_ist"": ""2026-08-23 07:51:10 IST"", ""provider"": ""market_data.download"", ""provider_chain"": [""yfinance"", ""yahoo_chart"", ""nasdaq_or_binance"", ""ohlc_cache""], ""snapshot_sha256"": ""46c528c2b87d9cf09ef5be81e57034d135ecda94ea0d4e9988500f46325ab09d""}, ""high20"": 7.881585, ""high50"": 7.881585, ""low20"": 6.16754, ""low50"": 6.059732}"
2026-08-23,07:51:10 IST,US,^NYA,LONG,SWING_1d,24731.14,2,24234.1,25717.82,5,24711.74609375,2026-08-25 20:33:10 IST,-38.79,-0.08,CLOSED,3,60.9,Range<1%+SMA20<EMA20,#3SW Range<1%+SMA20<EMA20 | STRATEGY_RETIRED v5.27,"{""2Green"": 0.0, ""2Red"": 0.0, ""BB_hi"": 25035.778578, ""BB_lo"": 23954.757359, ""Close"": 24728.669922, ""EMA20"": 24496.14491, ""EMA200"": 22962.112839, ""EMA50"": 24105.518607, ""EMA9"": 24652.848687, ""High"": 24756.800781, ""Low"": 24548.259766, ""Open"": 24548.259766, ""RSI14"": 62.55347, ""Ret"": 0.007349, ""SMA20"": 24495.267969, ""SMA50"": 24057.189883, ""Volume"": 4497270000.0, ""_provenance"": {""captured_at_ist"": ""2026-08-23 07:51:10 IST"", ""provider"": ""market_data.download"", ""provider_chain"": [""yfinance"", ""yahoo_chart"", ""nasdaq_or_binance"", ""ohlc_cache""], ""snapshot_sha256"": ""9138d277ee797c2e4ad863ee265b88ffbc5c7365c04946e8a661a2bb9245e1c2""}, ""high20"": 24866.75, ""high50"": 24866.75, ""low20"": 23874.269531, ""low50"": 23079.419922}"
2026-08-24,07:49:44 IST,CRYPTO,AVAX-USD,LONG,SWING_1d,7.53,5903,7.36,7.81,5,7.34,2026-08-25 19:23:39 IST,-1267.2,-2.85,CLOSED,7,66.1,RSI>65+EMA9>EMA20+Close<Open,#7SW RSI>65+EMA9>EMA20+Close<Open | 🎯 SL Hit (live),"{""2Green"": 0.0, ""2Red"": 0.0, ""BB_hi"": 7.610167, ""BB_lo"": 5.721376, ""Close"": 7.508, ""EMA20"": 6.811382, ""EMA200"": 8.900043, ""EMA50"": 6.753396, ""EMA9"": 7.095293, ""High"": 7.605848, ""Low"": 7.424428, ""Open"": 7.605848, ""RSI14"": 67.181, ""Ret"": 0.001141, ""SMA20"": 6.665771, ""SMA50"": 6.598678, ""Volume"": 320445088.0, ""_provenance"": {""captured_at_ist"": ""2026-08-24 07:49:44 IST"", ""provider"": ""market_data.download"", ""provider_chain"": [""yfinance"", ""yahoo_chart"", ""nasdaq_or_binance"", ""ohlc_cache""], ""snapshot_sha256"": ""37ab1600e9ee6ef7b03348e03fc04d87f549784de16502bfdd463ecd11a8e862""}, ""high20"": 8.299735, ""high50"": 8.299735, ""low20"": 6.16754, ""low50"": 6.059732}"
2026-08-25,00:21:29 IST,US,^SOX,LONG,SWING_1d,11479.53,4,11248.82,11937.52,5,11554.5400390625,2026-08-25 20:33:11 IST,300.04,0.65,CLOSED,3,60.59,Price<SMA50+EMA20<EMA50+Close<Open,#3SW Price<SMA50+EMA20<EMA50+Close<Open | STRATEGY_RETIRED v5.27,"{""2Green"": 0.0, ""2Red"": 1.0, ""BB_hi"": 12936.1244, ""BB_lo"": 10749.519057, ""Close"": 11478.384766, ""EMA20"": 11989.158521, ""EMA200"": 10097.634083, ""EMA50"": 12058.526188, ""EMA9"": 11888.742554, ""High"": 11513.875, ""Low"": 11263.339844, ""Open"": 11513.875, ""RSI14"": 42.152793, ""Ret"": -0.022315, ""SMA20"": 11842.821729, ""SMA50"": 12499.552852, ""Volume"": 0.0, ""_provenance"": {""captured_at_ist"": ""2026-08-25 00:21:29 IST"", ""provider"": ""market_data.download"", ""provider_chain"": [""yfinance"", ""yahoo_chart"", ""nasdaq_or_binance"", ""ohlc_cache""], ""snapshot_sha256"": ""a45e1ada2c2bb73f78fc2f0c1530f315206904d4ffda798eb47373d190989211""}, ""high20"": 12770.709961, ""high50"": 14655.290039, ""low20"": 10445.44043, ""low50"": 10445.44043}"
