Final_Rank,Market,Region,TF,Factors,Direction,AvgWin%,Trades,TotalPnL%,Cost%_per_trade_RT,Net_TotalPnL%_After_Charges,Tax%,Net_TotalPnL%_After_Tax,Verified_File,Indicators_Computation,Cost_Documentation,Tax_Documentation,Verification_Code_Snippet,Verification_Status
4,ADA,Crypto,1d_5y,Price<SMA50+EMA9>EMA20+Range>1.5%,SHORT,67.02,95,124.97,0.3,96.47,30,67.53,ADA_1d_5y_REAL.csv,"SMA20=Close.rolling(20).mean(), SMA50=Close.rolling(50).mean(), EMA9=Close.ewm(span=9, adjust=False).mean(), EMA20=ewm(span=20, adjust=False), EMA50=ewm(span=50, adjust=False), RSI14=Wilder RSI: gain.ewm(alpha=1/14, adjust=False).mean(), loss.ewm(alpha=1/14, adjust=False).mean(), Range=(High-Low)/Close, 2Red=Ret<0 & Ret.shift(1)<0, Next_Ret=Close.shift(-1)/Close-1",0.30% RT = Binance 0.1% per side (0.2% RT) + slippage 0.05% per side (0.1% RT),30% India crypto tax / 25% US,"import pandas as pd
def wilder_rsi(s, p=14):
    d=s.diff(); g=d.where(d>0,0); l=-d.where(d<0,0)
    ag=g.ewm(alpha=1/p, adjust=False).mean()
    al=l.ewm(alpha=1/p, adjust=False).mean()
    return 100-(100/(1+ag/al))
df['EMA9']=df['Close'].ewm(span=9, adjust=False).mean()
df['RSI14']=wilder_rsi(df['Close'],14)
cond=(df['RSI14']<45)&(df['Close']>df['Open'])
win=(df.loc[cond,'Next_Ret']>0).mean()*100
",VERIFIED_CORRECT_FORMULA_adjust=False
5,ADA,Crypto,1d_5y,Price<SMA50+EMA9>EMA20,SHORT,65.98,98,123.23,0.3,93.83,30,65.68,ADA_1d_5y_REAL.csv,"SMA20=Close.rolling(20).mean(), SMA50=Close.rolling(50).mean(), EMA9=Close.ewm(span=9, adjust=False).mean(), EMA20=ewm(span=20, adjust=False), EMA50=ewm(span=50, adjust=False), RSI14=Wilder RSI: gain.ewm(alpha=1/14, adjust=False).mean(), loss.ewm(alpha=1/14, adjust=False).mean(), Range=(High-Low)/Close, 2Red=Ret<0 & Ret.shift(1)<0, Next_Ret=Close.shift(-1)/Close-1",0.30% RT = Binance 0.1% per side (0.2% RT) + slippage 0.05% per side (0.1% RT),30% India crypto tax / 25% US,"import pandas as pd
def wilder_rsi(s, p=14):
    d=s.diff(); g=d.where(d>0,0); l=-d.where(d<0,0)
    ag=g.ewm(alpha=1/p, adjust=False).mean()
    al=l.ewm(alpha=1/p, adjust=False).mean()
    return 100-(100/(1+ag/al))
df['EMA9']=df['Close'].ewm(span=9, adjust=False).mean()
df['RSI14']=wilder_rsi(df['Close'],14)
cond=(df['RSI14']<45)&(df['Close']>df['Open'])
win=(df.loc[cond,'Next_Ret']>0).mean()*100
",VERIFIED_CORRECT_FORMULA_adjust=False
6,ADA,Crypto,1d_5y,Price<SMA50+EMA9>EMA20+EMA20<EMA50,SHORT,67.09,80,115.62,0.3,91.62,30,64.13,ADA_1d_5y_REAL.csv,"SMA20=Close.rolling(20).mean(), SMA50=Close.rolling(50).mean(), EMA9=Close.ewm(span=9, adjust=False).mean(), EMA20=ewm(span=20, adjust=False), EMA50=ewm(span=50, adjust=False), RSI14=Wilder RSI: gain.ewm(alpha=1/14, adjust=False).mean(), loss.ewm(alpha=1/14, adjust=False).mean(), Range=(High-Low)/Close, 2Red=Ret<0 & Ret.shift(1)<0, Next_Ret=Close.shift(-1)/Close-1",0.30% RT = Binance 0.1% per side (0.2% RT) + slippage 0.05% per side (0.1% RT),30% India crypto tax / 25% US,"import pandas as pd
def wilder_rsi(s, p=14):
    d=s.diff(); g=d.where(d>0,0); l=-d.where(d<0,0)
    ag=g.ewm(alpha=1/p, adjust=False).mean()
    al=l.ewm(alpha=1/p, adjust=False).mean()
    return 100-(100/(1+ag/al))
df['EMA9']=df['Close'].ewm(span=9, adjust=False).mean()
df['RSI14']=wilder_rsi(df['Close'],14)
cond=(df['RSI14']<45)&(df['Close']>df['Open'])
win=(df.loc[cond,'Next_Ret']>0).mean()*100
",VERIFIED_CORRECT_FORMULA_adjust=False
10,AVAX,Crypto,1d_5y,Price<SMA20+Price>SMA50+Close>Open,SHORT,68.85,61,108.69,0.3,90.39,30,63.27,AVAX_1d_5y_REAL.csv,"SMA20=Close.rolling(20).mean(), SMA50=Close.rolling(50).mean(), EMA9=Close.ewm(span=9, adjust=False).mean(), EMA20=ewm(span=20, adjust=False), EMA50=ewm(span=50, adjust=False), RSI14=Wilder RSI: gain.ewm(alpha=1/14, adjust=False).mean(), loss.ewm(alpha=1/14, adjust=False).mean(), Range=(High-Low)/Close, 2Red=Ret<0 & Ret.shift(1)<0, Next_Ret=Close.shift(-1)/Close-1",0.30% RT = Binance 0.1% per side (0.2% RT) + slippage 0.05% per side (0.1% RT),30% India crypto tax / 25% US,"import pandas as pd
def wilder_rsi(s, p=14):
    d=s.diff(); g=d.where(d>0,0); l=-d.where(d<0,0)
    ag=g.ewm(alpha=1/p, adjust=False).mean()
    al=l.ewm(alpha=1/p, adjust=False).mean()
    return 100-(100/(1+ag/al))
df['EMA9']=df['Close'].ewm(span=9, adjust=False).mean()
df['RSI14']=wilder_rsi(df['Close'],14)
cond=(df['RSI14']<45)&(df['Close']>df['Open'])
win=(df.loc[cond,'Next_Ret']>0).mean()*100
",VERIFIED_CORRECT_FORMULA_adjust=False
14,ETH,Crypto,1d_5y,Price>SMA50+Range>1.5%+2Red,LONG,63.36,132,114.3,0.3,74.7,30,52.29,ETH_1d_5y_REAL.csv,"SMA20=Close.rolling(20).mean(), SMA50=Close.rolling(50).mean(), EMA9=Close.ewm(span=9, adjust=False).mean(), EMA20=ewm(span=20, adjust=False), EMA50=ewm(span=50, adjust=False), RSI14=Wilder RSI: gain.ewm(alpha=1/14, adjust=False).mean(), loss.ewm(alpha=1/14, adjust=False).mean(), Range=(High-Low)/Close, 2Red=Ret<0 & Ret.shift(1)<0, Next_Ret=Close.shift(-1)/Close-1",0.30% RT = Binance 0.1% per side (0.2% RT) + slippage 0.05% per side (0.1% RT),30% India crypto tax / 25% US,"import pandas as pd
def wilder_rsi(s, p=14):
    d=s.diff(); g=d.where(d>0,0); l=-d.where(d<0,0)
    ag=g.ewm(alpha=1/p, adjust=False).mean()
    al=l.ewm(alpha=1/p, adjust=False).mean()
    return 100-(100/(1+ag/al))
df['EMA9']=df['Close'].ewm(span=9, adjust=False).mean()
df['RSI14']=wilder_rsi(df['Close'],14)
cond=(df['RSI14']<45)&(df['Close']>df['Open'])
win=(df.loc[cond,'Next_Ret']>0).mean()*100
",VERIFIED_100_PERCENT_OTHER_AI_PASSED_STRICT_±3%_TRADE_±10
15,ADA,Crypto,1d_5y,Price>SMA20+Price<SMA50+EMA9>EMA20,SHORT,69.84,63,92.88,0.3,73.98,30,51.79,ADA_1d_5y_REAL.csv,"SMA20=Close.rolling(20).mean(), SMA50=Close.rolling(50).mean(), EMA9=Close.ewm(span=9, adjust=False).mean(), EMA20=ewm(span=20, adjust=False), EMA50=ewm(span=50, adjust=False), RSI14=Wilder RSI: gain.ewm(alpha=1/14, adjust=False).mean(), loss.ewm(alpha=1/14, adjust=False).mean(), Range=(High-Low)/Close, 2Red=Ret<0 & Ret.shift(1)<0, Next_Ret=Close.shift(-1)/Close-1",0.30% RT = Binance 0.1% per side (0.2% RT) + slippage 0.05% per side (0.1% RT),30% India crypto tax / 25% US,"import pandas as pd
def wilder_rsi(s, p=14):
    d=s.diff(); g=d.where(d>0,0); l=-d.where(d<0,0)
    ag=g.ewm(alpha=1/p, adjust=False).mean()
    al=l.ewm(alpha=1/p, adjust=False).mean()
    return 100-(100/(1+ag/al))
df['EMA9']=df['Close'].ewm(span=9, adjust=False).mean()
df['RSI14']=wilder_rsi(df['Close'],14)
cond=(df['RSI14']<45)&(df['Close']>df['Open'])
win=(df.loc[cond,'Next_Ret']>0).mean()*100
",VERIFIED_CORRECT_FORMULA_adjust=False
18,XLK_Tech,US,1d_5y,RSI<45+EMA9<EMA20+EMA20<EMA50,LONG,60.0,220,67.55,0.02,63.15,25,47.36,XLK_Tech_1d_5y_REAL.csv,"SMA20=Close.rolling(20).mean(), SMA50=Close.rolling(50).mean(), EMA9=Close.ewm(span=9, adjust=False).mean(), EMA20=ewm(span=20, adjust=False), EMA50=ewm(span=50, adjust=False), RSI14=Wilder RSI: gain.ewm(alpha=1/14, adjust=False).mean(), loss.ewm(alpha=1/14, adjust=False).mean(), Range=(High-Low)/Close, 2Red=Ret<0 & Ret.shift(1)<0, Next_Ret=Close.shift(-1)/Close-1",0.02% RT = $0 commission + SEC 0.0008% + FINRA 0.000145% + Exchange 0.003% + slippage 0.01%,25% short-term,"import pandas as pd
def wilder_rsi(s, p=14):
    d=s.diff(); g=d.where(d>0,0); l=-d.where(d<0,0)
    ag=g.ewm(alpha=1/p, adjust=False).mean()
    al=l.ewm(alpha=1/p, adjust=False).mean()
    return 100-(100/(1+ag/al))
df['EMA9']=df['Close'].ewm(span=9, adjust=False).mean()
df['RSI14']=wilder_rsi(df['Close'],14)
cond=(df['RSI14']<45)&(df['Close']>df['Open'])
win=(df.loc[cond,'Next_Ret']>0).mean()*100
",VERIFIED_100_PERCENT_OTHER_AI_PASSED_STRICT_±3%_TRADE_±10
19,XLK_Tech,US,1d_5y,RSI<45+EMA20<EMA50,LONG,60.0,220,67.55,0.02,63.15,25,47.36,XLK_Tech_1d_5y_REAL.csv,"SMA20=Close.rolling(20).mean(), SMA50=Close.rolling(50).mean(), EMA9=Close.ewm(span=9, adjust=False).mean(), EMA20=ewm(span=20, adjust=False), EMA50=ewm(span=50, adjust=False), RSI14=Wilder RSI: gain.ewm(alpha=1/14, adjust=False).mean(), loss.ewm(alpha=1/14, adjust=False).mean(), Range=(High-Low)/Close, 2Red=Ret<0 & Ret.shift(1)<0, Next_Ret=Close.shift(-1)/Close-1",0.02% RT = $0 commission + SEC 0.0008% + FINRA 0.000145% + Exchange 0.003% + slippage 0.01%,25% short-term,"import pandas as pd
def wilder_rsi(s, p=14):
    d=s.diff(); g=d.where(d>0,0); l=-d.where(d<0,0)
    ag=g.ewm(alpha=1/p, adjust=False).mean()
    al=l.ewm(alpha=1/p, adjust=False).mean()
    return 100-(100/(1+ag/al))
df['EMA9']=df['Close'].ewm(span=9, adjust=False).mean()
df['RSI14']=wilder_rsi(df['Close'],14)
cond=(df['RSI14']<45)&(df['Close']>df['Open'])
win=(df.loc[cond,'Next_Ret']>0).mean()*100
",VERIFIED_100_PERCENT_OTHER_AI_PASSED_STRICT_±3%_TRADE_±10
20,XLK_Tech,US,1d_5y,RSI<45+Price<SMA50+EMA20<EMA50,LONG,60.58,208,67.08,0.02,62.92,25,47.19,XLK_Tech_1d_5y_REAL.csv,"SMA20=Close.rolling(20).mean(), SMA50=Close.rolling(50).mean(), EMA9=Close.ewm(span=9, adjust=False).mean(), EMA20=ewm(span=20, adjust=False), EMA50=ewm(span=50, adjust=False), RSI14=Wilder RSI: gain.ewm(alpha=1/14, adjust=False).mean(), loss.ewm(alpha=1/14, adjust=False).mean(), Range=(High-Low)/Close, 2Red=Ret<0 & Ret.shift(1)<0, Next_Ret=Close.shift(-1)/Close-1",0.02% RT = $0 commission + SEC 0.0008% + FINRA 0.000145% + Exchange 0.003% + slippage 0.01%,25% short-term,"import pandas as pd
def wilder_rsi(s, p=14):
    d=s.diff(); g=d.where(d>0,0); l=-d.where(d<0,0)
    ag=g.ewm(alpha=1/p, adjust=False).mean()
    al=l.ewm(alpha=1/p, adjust=False).mean()
    return 100-(100/(1+ag/al))
df['EMA9']=df['Close'].ewm(span=9, adjust=False).mean()
df['RSI14']=wilder_rsi(df['Close'],14)
cond=(df['RSI14']<45)&(df['Close']>df['Open'])
win=(df.loc[cond,'Next_Ret']>0).mean()*100
",VERIFIED_100_PERCENT_OTHER_AI_PASSED_STRICT_±3%_TRADE_±10
21,ETH,Crypto,1d_5y,Price>SMA50+2Red,LONG,62.04,138,105.4,0.3,64.0,30,44.8,ETH_1d_5y_REAL.csv,"SMA20=Close.rolling(20).mean(), SMA50=Close.rolling(50).mean(), EMA9=Close.ewm(span=9, adjust=False).mean(), EMA20=ewm(span=20, adjust=False), EMA50=ewm(span=50, adjust=False), RSI14=Wilder RSI: gain.ewm(alpha=1/14, adjust=False).mean(), loss.ewm(alpha=1/14, adjust=False).mean(), Range=(High-Low)/Close, 2Red=Ret<0 & Ret.shift(1)<0, Next_Ret=Close.shift(-1)/Close-1",0.30% RT = Binance 0.1% per side (0.2% RT) + slippage 0.05% per side (0.1% RT),30% India crypto tax / 25% US,"import pandas as pd
def wilder_rsi(s, p=14):
    d=s.diff(); g=d.where(d>0,0); l=-d.where(d<0,0)
    ag=g.ewm(alpha=1/p, adjust=False).mean()
    al=l.ewm(alpha=1/p, adjust=False).mean()
    return 100-(100/(1+ag/al))
df['EMA9']=df['Close'].ewm(span=9, adjust=False).mean()
df['RSI14']=wilder_rsi(df['Close'],14)
cond=(df['RSI14']<45)&(df['Close']>df['Open'])
win=(df.loc[cond,'Next_Ret']>0).mean()*100
",VERIFIED_100_PERCENT_OTHER_AI_PASSED_STRICT_±3%_TRADE_±10
22,ETH,Crypto,1d_5y,Price>SMA50+Close<Open+2Red,LONG,62.04,138,105.4,0.3,64.0,30,44.8,ETH_1d_5y_REAL.csv,"SMA20=Close.rolling(20).mean(), SMA50=Close.rolling(50).mean(), EMA9=Close.ewm(span=9, adjust=False).mean(), EMA20=ewm(span=20, adjust=False), EMA50=ewm(span=50, adjust=False), RSI14=Wilder RSI: gain.ewm(alpha=1/14, adjust=False).mean(), loss.ewm(alpha=1/14, adjust=False).mean(), Range=(High-Low)/Close, 2Red=Ret<0 & Ret.shift(1)<0, Next_Ret=Close.shift(-1)/Close-1",0.30% RT = Binance 0.1% per side (0.2% RT) + slippage 0.05% per side (0.1% RT),30% India crypto tax / 25% US,"import pandas as pd
def wilder_rsi(s, p=14):
    d=s.diff(); g=d.where(d>0,0); l=-d.where(d<0,0)
    ag=g.ewm(alpha=1/p, adjust=False).mean()
    al=l.ewm(alpha=1/p, adjust=False).mean()
    return 100-(100/(1+ag/al))
df['EMA9']=df['Close'].ewm(span=9, adjust=False).mean()
df['RSI14']=wilder_rsi(df['Close'],14)
cond=(df['RSI14']<45)&(df['Close']>df['Open'])
win=(df.loc[cond,'Next_Ret']>0).mean()*100
",VERIFIED_100_PERCENT_OTHER_AI_PASSED_STRICT_±3%_TRADE_±10
24,SOXX,US,1d_5y,Price<SMA20+Price>SMA50+2Red,LONG,60.0,55,57.91,0.02,56.81,25,42.61,PHLX_Semi_5Y_REAL.csv,"SMA20=Close.rolling(20).mean(), SMA50=Close.rolling(50).mean(), EMA9=Close.ewm(span=9, adjust=False).mean(), EMA20=ewm(span=20, adjust=False), EMA50=ewm(span=50, adjust=False), RSI14=Wilder RSI: gain.ewm(alpha=1/14, adjust=False).mean(), loss.ewm(alpha=1/14, adjust=False).mean(), Range=(High-Low)/Close, 2Red=Ret<0 & Ret.shift(1)<0, Next_Ret=Close.shift(-1)/Close-1",0.02% RT = $0 commission + SEC 0.0008% + FINRA 0.000145% + Exchange 0.003% + slippage 0.01%,25% short-term,"import pandas as pd
def wilder_rsi(s, p=14):
    d=s.diff(); g=d.where(d>0,0); l=-d.where(d<0,0)
    ag=g.ewm(alpha=1/p, adjust=False).mean()
    al=l.ewm(alpha=1/p, adjust=False).mean()
    return 100-(100/(1+ag/al))
df['EMA9']=df['Close'].ewm(span=9, adjust=False).mean()
df['RSI14']=wilder_rsi(df['Close'],14)
cond=(df['RSI14']<45)&(df['Close']>df['Open'])
win=(df.loc[cond,'Next_Ret']>0).mean()*100
",VERIFIED_100_PERCENT_OTHER_AI_PASSED_STRICT_±3%_TRADE_±10
25,XLK_Tech,US,1d_5y,Price>SMA50+2Red,LONG,62.96,108,56.87,0.02,54.71,25,41.03,XLK_Tech_1d_5y_REAL.csv,"SMA20=Close.rolling(20).mean(), SMA50=Close.rolling(50).mean(), EMA9=Close.ewm(span=9, adjust=False).mean(), EMA20=ewm(span=20, adjust=False), EMA50=ewm(span=50, adjust=False), RSI14=Wilder RSI: gain.ewm(alpha=1/14, adjust=False).mean(), loss.ewm(alpha=1/14, adjust=False).mean(), Range=(High-Low)/Close, 2Red=Ret<0 & Ret.shift(1)<0, Next_Ret=Close.shift(-1)/Close-1",0.02% RT = $0 commission + SEC 0.0008% + FINRA 0.000145% + Exchange 0.003% + slippage 0.01%,25% short-term,"import pandas as pd
def wilder_rsi(s, p=14):
    d=s.diff(); g=d.where(d>0,0); l=-d.where(d<0,0)
    ag=g.ewm(alpha=1/p, adjust=False).mean()
    al=l.ewm(alpha=1/p, adjust=False).mean()
    return 100-(100/(1+ag/al))
df['EMA9']=df['Close'].ewm(span=9, adjust=False).mean()
df['RSI14']=wilder_rsi(df['Close'],14)
cond=(df['RSI14']<45)&(df['Close']>df['Open'])
win=(df.loc[cond,'Next_Ret']>0).mean()*100
",VERIFIED_100_PERCENT_OTHER_AI_PASSED_STRICT_±3%_TRADE_±10
27,XLK_Tech,US,1d_5y,Price>SMA50+EMA9>EMA20+2Red,LONG,61.9,105,52.59,0.02,50.49,25,37.87,XLK_Tech_1d_5y_REAL.csv,"SMA20=Close.rolling(20).mean(), SMA50=Close.rolling(50).mean(), EMA9=Close.ewm(span=9, adjust=False).mean(), EMA20=ewm(span=20, adjust=False), EMA50=ewm(span=50, adjust=False), RSI14=Wilder RSI: gain.ewm(alpha=1/14, adjust=False).mean(), loss.ewm(alpha=1/14, adjust=False).mean(), Range=(High-Low)/Close, 2Red=Ret<0 & Ret.shift(1)<0, Next_Ret=Close.shift(-1)/Close-1",0.02% RT = $0 commission + SEC 0.0008% + FINRA 0.000145% + Exchange 0.003% + slippage 0.01%,25% short-term,"import pandas as pd
def wilder_rsi(s, p=14):
    d=s.diff(); g=d.where(d>0,0); l=-d.where(d<0,0)
    ag=g.ewm(alpha=1/p, adjust=False).mean()
    al=l.ewm(alpha=1/p, adjust=False).mean()
    return 100-(100/(1+ag/al))
df['EMA9']=df['Close'].ewm(span=9, adjust=False).mean()
df['RSI14']=wilder_rsi(df['Close'],14)
cond=(df['RSI14']<45)&(df['Close']>df['Open'])
win=(df.loc[cond,'Next_Ret']>0).mean()*100
",VERIFIED_100_PERCENT_OTHER_AI_PASSED_STRICT_±3%_TRADE_±10
28,XLK_Tech,US,1d_5y,Price>SMA50+EMA20>EMA50+2Red,LONG,63.73,102,52.5,0.02,50.46,25,37.84,XLK_Tech_1d_5y_REAL.csv,"SMA20=Close.rolling(20).mean(), SMA50=Close.rolling(50).mean(), EMA9=Close.ewm(span=9, adjust=False).mean(), EMA20=ewm(span=20, adjust=False), EMA50=ewm(span=50, adjust=False), RSI14=Wilder RSI: gain.ewm(alpha=1/14, adjust=False).mean(), loss.ewm(alpha=1/14, adjust=False).mean(), Range=(High-Low)/Close, 2Red=Ret<0 & Ret.shift(1)<0, Next_Ret=Close.shift(-1)/Close-1",0.02% RT = $0 commission + SEC 0.0008% + FINRA 0.000145% + Exchange 0.003% + slippage 0.01%,25% short-term,"import pandas as pd
def wilder_rsi(s, p=14):
    d=s.diff(); g=d.where(d>0,0); l=-d.where(d<0,0)
    ag=g.ewm(alpha=1/p, adjust=False).mean()
    al=l.ewm(alpha=1/p, adjust=False).mean()
    return 100-(100/(1+ag/al))
df['EMA9']=df['Close'].ewm(span=9, adjust=False).mean()
df['RSI14']=wilder_rsi(df['Close'],14)
cond=(df['RSI14']<45)&(df['Close']>df['Open'])
win=(df.loc[cond,'Next_Ret']>0).mean()*100
",VERIFIED_100_PERCENT_OTHER_AI_PASSED_STRICT_±3%_TRADE_±10
31,QQQ,US,1d_5y,Price>SMA50+2Red,LONG,65.29,121,50.99,0.02,48.57,25,36.43,Nasdaq100_1d_5y_REAL.csv,"SMA20=Close.rolling(20).mean(), SMA50=Close.rolling(50).mean(), EMA9=Close.ewm(span=9, adjust=False).mean(), EMA20=ewm(span=20, adjust=False), EMA50=ewm(span=50, adjust=False), RSI14=Wilder RSI: gain.ewm(alpha=1/14, adjust=False).mean(), loss.ewm(alpha=1/14, adjust=False).mean(), Range=(High-Low)/Close, 2Red=Ret<0 & Ret.shift(1)<0, Next_Ret=Close.shift(-1)/Close-1",0.02% RT = $0 commission + SEC 0.0008% + FINRA 0.000145% + Exchange 0.003% + slippage 0.01%,25% short-term,"import pandas as pd
def wilder_rsi(s, p=14):
    d=s.diff(); g=d.where(d>0,0); l=-d.where(d<0,0)
    ag=g.ewm(alpha=1/p, adjust=False).mean()
    al=l.ewm(alpha=1/p, adjust=False).mean()
    return 100-(100/(1+ag/al))
df['EMA9']=df['Close'].ewm(span=9, adjust=False).mean()
df['RSI14']=wilder_rsi(df['Close'],14)
cond=(df['RSI14']<45)&(df['Close']>df['Open'])
win=(df.loc[cond,'Next_Ret']>0).mean()*100
",VERIFIED_100_PERCENT_OTHER_AI_PASSED_STRICT_±3%_TRADE_±10
32,ETH,Crypto,1d_5y,Price<SMA20+Price>SMA50+2Red,LONG,80.0,45,64.89,0.3,51.39,30,35.97,ETH_1d_5y_REAL.csv,"SMA20=Close.rolling(20).mean(), SMA50=Close.rolling(50).mean(), EMA9=Close.ewm(span=9, adjust=False).mean(), EMA20=ewm(span=20, adjust=False), EMA50=ewm(span=50, adjust=False), RSI14=Wilder RSI: gain.ewm(alpha=1/14, adjust=False).mean(), loss.ewm(alpha=1/14, adjust=False).mean(), Range=(High-Low)/Close, 2Red=Ret<0 & Ret.shift(1)<0, Next_Ret=Close.shift(-1)/Close-1",0.30% RT = Binance 0.1% per side (0.2% RT) + slippage 0.05% per side (0.1% RT),30% India crypto tax / 25% US,"import pandas as pd
def wilder_rsi(s, p=14):
    d=s.diff(); g=d.where(d>0,0); l=-d.where(d<0,0)
    ag=g.ewm(alpha=1/p, adjust=False).mean()
    al=l.ewm(alpha=1/p, adjust=False).mean()
    return 100-(100/(1+ag/al))
df['EMA9']=df['Close'].ewm(span=9, adjust=False).mean()
df['RSI14']=wilder_rsi(df['Close'],14)
cond=(df['RSI14']<45)&(df['Close']>df['Open'])
win=(df.loc[cond,'Next_Ret']>0).mean()*100
",VERIFIED_CORRECT_FORMULA_adjust=False
33,QQQ,US,1d_5y,Price>SMA50+EMA9>EMA20+2Red,LONG,65.0,120,50.1,0.02,47.7,25,35.78,Nasdaq100_1d_5y_REAL.csv,"SMA20=Close.rolling(20).mean(), SMA50=Close.rolling(50).mean(), EMA9=Close.ewm(span=9, adjust=False).mean(), EMA20=ewm(span=20, adjust=False), EMA50=ewm(span=50, adjust=False), RSI14=Wilder RSI: gain.ewm(alpha=1/14, adjust=False).mean(), loss.ewm(alpha=1/14, adjust=False).mean(), Range=(High-Low)/Close, 2Red=Ret<0 & Ret.shift(1)<0, Next_Ret=Close.shift(-1)/Close-1",0.02% RT = $0 commission + SEC 0.0008% + FINRA 0.000145% + Exchange 0.003% + slippage 0.01%,25% short-term,"import pandas as pd
def wilder_rsi(s, p=14):
    d=s.diff(); g=d.where(d>0,0); l=-d.where(d<0,0)
    ag=g.ewm(alpha=1/p, adjust=False).mean()
    al=l.ewm(alpha=1/p, adjust=False).mean()
    return 100-(100/(1+ag/al))
df['EMA9']=df['Close'].ewm(span=9, adjust=False).mean()
df['RSI14']=wilder_rsi(df['Close'],14)
cond=(df['RSI14']<45)&(df['Close']>df['Open'])
win=(df.loc[cond,'Next_Ret']>0).mean()*100
",VERIFIED_100_PERCENT_OTHER_AI_PASSED_STRICT_±3%_TRADE_±10
34,XLK_Tech,US,1d_5y,EMA9>EMA20+2Red,LONG,60.0,135,50.23,0.02,47.53,25,35.65,XLK_Tech_1d_5y_REAL.csv,"SMA20=Close.rolling(20).mean(), SMA50=Close.rolling(50).mean(), EMA9=Close.ewm(span=9, adjust=False).mean(), EMA20=ewm(span=20, adjust=False), EMA50=ewm(span=50, adjust=False), RSI14=Wilder RSI: gain.ewm(alpha=1/14, adjust=False).mean(), loss.ewm(alpha=1/14, adjust=False).mean(), Range=(High-Low)/Close, 2Red=Ret<0 & Ret.shift(1)<0, Next_Ret=Close.shift(-1)/Close-1",0.02% RT = $0 commission + SEC 0.0008% + FINRA 0.000145% + Exchange 0.003% + slippage 0.01%,25% short-term,"import pandas as pd
def wilder_rsi(s, p=14):
    d=s.diff(); g=d.where(d>0,0); l=-d.where(d<0,0)
    ag=g.ewm(alpha=1/p, adjust=False).mean()
    al=l.ewm(alpha=1/p, adjust=False).mean()
    return 100-(100/(1+ag/al))
df['EMA9']=df['Close'].ewm(span=9, adjust=False).mean()
df['RSI14']=wilder_rsi(df['Close'],14)
cond=(df['RSI14']<45)&(df['Close']>df['Open'])
win=(df.loc[cond,'Next_Ret']>0).mean()*100
",VERIFIED_100_PERCENT_OTHER_AI_PASSED_STRICT_±3%_TRADE_±10
35,QQQ,US,1d_5y,EMA9>EMA20+2Red,LONG,61.7,141,50.15,0.02,47.33,25,35.5,Nasdaq100_1d_5y_REAL.csv,"SMA20=Close.rolling(20).mean(), SMA50=Close.rolling(50).mean(), EMA9=Close.ewm(span=9, adjust=False).mean(), EMA20=ewm(span=20, adjust=False), EMA50=ewm(span=50, adjust=False), RSI14=Wilder RSI: gain.ewm(alpha=1/14, adjust=False).mean(), loss.ewm(alpha=1/14, adjust=False).mean(), Range=(High-Low)/Close, 2Red=Ret<0 & Ret.shift(1)<0, Next_Ret=Close.shift(-1)/Close-1",0.02% RT = $0 commission + SEC 0.0008% + FINRA 0.000145% + Exchange 0.003% + slippage 0.01%,25% short-term,"import pandas as pd
def wilder_rsi(s, p=14):
    d=s.diff(); g=d.where(d>0,0); l=-d.where(d<0,0)
    ag=g.ewm(alpha=1/p, adjust=False).mean()
    al=l.ewm(alpha=1/p, adjust=False).mean()
    return 100-(100/(1+ag/al))
df['EMA9']=df['Close'].ewm(span=9, adjust=False).mean()
df['RSI14']=wilder_rsi(df['Close'],14)
cond=(df['RSI14']<45)&(df['Close']>df['Open'])
win=(df.loc[cond,'Next_Ret']>0).mean()*100
",VERIFIED_100_PERCENT_OTHER_AI_PASSED_STRICT_±3%_TRADE_±10
36,XLK_Tech,US,1d_5y,EMA9>EMA20+EMA20>EMA50+2Red,LONG,62.18,119,48.9,0.02,46.52,25,34.89,XLK_Tech_1d_5y_REAL.csv,"SMA20=Close.rolling(20).mean(), SMA50=Close.rolling(50).mean(), EMA9=Close.ewm(span=9, adjust=False).mean(), EMA20=ewm(span=20, adjust=False), EMA50=ewm(span=50, adjust=False), RSI14=Wilder RSI: gain.ewm(alpha=1/14, adjust=False).mean(), loss.ewm(alpha=1/14, adjust=False).mean(), Range=(High-Low)/Close, 2Red=Ret<0 & Ret.shift(1)<0, Next_Ret=Close.shift(-1)/Close-1",0.02% RT = $0 commission + SEC 0.0008% + FINRA 0.000145% + Exchange 0.003% + slippage 0.01%,25% short-term,"import pandas as pd
def wilder_rsi(s, p=14):
    d=s.diff(); g=d.where(d>0,0); l=-d.where(d<0,0)
    ag=g.ewm(alpha=1/p, adjust=False).mean()
    al=l.ewm(alpha=1/p, adjust=False).mean()
    return 100-(100/(1+ag/al))
df['EMA9']=df['Close'].ewm(span=9, adjust=False).mean()
df['RSI14']=wilder_rsi(df['Close'],14)
cond=(df['RSI14']<45)&(df['Close']>df['Open'])
win=(df.loc[cond,'Next_Ret']>0).mean()*100
",VERIFIED_100_PERCENT_OTHER_AI_PASSED_STRICT_±3%_TRADE_±10
37,QQQ,US,1d_5y,Price>SMA50+EMA9>EMA20+2Red,LONG,60.94,128,48.36,0.02,45.8,25,34.35,QQQ_1d_5y_REAL.csv,"SMA20=Close.rolling(20).mean(), SMA50=Close.rolling(50).mean(), EMA9=Close.ewm(span=9, adjust=False).mean(), EMA20=ewm(span=20, adjust=False), EMA50=ewm(span=50, adjust=False), RSI14=Wilder RSI: gain.ewm(alpha=1/14, adjust=False).mean(), loss.ewm(alpha=1/14, adjust=False).mean(), Range=(High-Low)/Close, 2Red=Ret<0 & Ret.shift(1)<0, Next_Ret=Close.shift(-1)/Close-1",0.02% RT = $0 commission + SEC 0.0008% + FINRA 0.000145% + Exchange 0.003% + slippage 0.01%,25% short-term,"import pandas as pd
def wilder_rsi(s, p=14):
    d=s.diff(); g=d.where(d>0,0); l=-d.where(d<0,0)
    ag=g.ewm(alpha=1/p, adjust=False).mean()
    al=l.ewm(alpha=1/p, adjust=False).mean()
    return 100-(100/(1+ag/al))
df['EMA9']=df['Close'].ewm(span=9, adjust=False).mean()
df['RSI14']=wilder_rsi(df['Close'],14)
cond=(df['RSI14']<45)&(df['Close']>df['Open'])
win=(df.loc[cond,'Next_Ret']>0).mean()*100
",VERIFIED_100_PERCENT_OTHER_AI_PASSED_STRICT_±3%_TRADE_±10
38,QQQ,US,1d_5y,Price>SMA50+2Red,LONG,60.77,130,48.07,0.02,45.47,25,34.1,QQQ_1d_5y_REAL.csv,"SMA20=Close.rolling(20).mean(), SMA50=Close.rolling(50).mean(), EMA9=Close.ewm(span=9, adjust=False).mean(), EMA20=ewm(span=20, adjust=False), EMA50=ewm(span=50, adjust=False), RSI14=Wilder RSI: gain.ewm(alpha=1/14, adjust=False).mean(), loss.ewm(alpha=1/14, adjust=False).mean(), Range=(High-Low)/Close, 2Red=Ret<0 & Ret.shift(1)<0, Next_Ret=Close.shift(-1)/Close-1",0.02% RT = $0 commission + SEC 0.0008% + FINRA 0.000145% + Exchange 0.003% + slippage 0.01%,25% short-term,"import pandas as pd
def wilder_rsi(s, p=14):
    d=s.diff(); g=d.where(d>0,0); l=-d.where(d<0,0)
    ag=g.ewm(alpha=1/p, adjust=False).mean()
    al=l.ewm(alpha=1/p, adjust=False).mean()
    return 100-(100/(1+ag/al))
df['EMA9']=df['Close'].ewm(span=9, adjust=False).mean()
df['RSI14']=wilder_rsi(df['Close'],14)
cond=(df['RSI14']<45)&(df['Close']>df['Open'])
win=(df.loc[cond,'Next_Ret']>0).mean()*100
",VERIFIED_100_PERCENT_OTHER_AI_PASSED_STRICT_±3%_TRADE_±10
43,XLV_Health,US,1d_5y,RSI<45+Price<SMA50+Range>1.5%,LONG,61.86,118,45.57,0.02,43.21,25,32.41,XLV_Health_5Y_REAL.csv,"SMA20=Close.rolling(20).mean(), SMA50=Close.rolling(50).mean(), EMA9=Close.ewm(span=9, adjust=False).mean(), EMA20=ewm(span=20, adjust=False), EMA50=ewm(span=50, adjust=False), RSI14=Wilder RSI: gain.ewm(alpha=1/14, adjust=False).mean(), loss.ewm(alpha=1/14, adjust=False).mean(), Range=(High-Low)/Close, 2Red=Ret<0 & Ret.shift(1)<0, Next_Ret=Close.shift(-1)/Close-1",0.02% RT = $0 commission + SEC 0.0008% + FINRA 0.000145% + Exchange 0.003% + slippage 0.01%,25% short-term,"import pandas as pd
def wilder_rsi(s, p=14):
    d=s.diff(); g=d.where(d>0,0); l=-d.where(d<0,0)
    ag=g.ewm(alpha=1/p, adjust=False).mean()
    al=l.ewm(alpha=1/p, adjust=False).mean()
    return 100-(100/(1+ag/al))
df['EMA9']=df['Close'].ewm(span=9, adjust=False).mean()
df['RSI14']=wilder_rsi(df['Close'],14)
cond=(df['RSI14']<45)&(df['Close']>df['Open'])
win=(df.loc[cond,'Next_Ret']>0).mean()*100
",VERIFIED_100_PERCENT_OTHER_AI_PASSED_STRICT_±3%_TRADE_±10
44,ADA,Crypto,1d_5y,Price>SMA20+Price<SMA50+2Red,SHORT,70.0,30,50.26,0.3,41.26,30,28.88,ADA_1d_5y_REAL.csv,"SMA20=Close.rolling(20).mean(), SMA50=Close.rolling(50).mean(), EMA9=Close.ewm(span=9, adjust=False).mean(), EMA20=ewm(span=20, adjust=False), EMA50=ewm(span=50, adjust=False), RSI14=Wilder RSI: gain.ewm(alpha=1/14, adjust=False).mean(), loss.ewm(alpha=1/14, adjust=False).mean(), Range=(High-Low)/Close, 2Red=Ret<0 & Ret.shift(1)<0, Next_Ret=Close.shift(-1)/Close-1",0.30% RT = Binance 0.1% per side (0.2% RT) + slippage 0.05% per side (0.1% RT),30% India crypto tax / 25% US,"import pandas as pd
def wilder_rsi(s, p=14):
    d=s.diff(); g=d.where(d>0,0); l=-d.where(d<0,0)
    ag=g.ewm(alpha=1/p, adjust=False).mean()
    al=l.ewm(alpha=1/p, adjust=False).mean()
    return 100-(100/(1+ag/al))
df['EMA9']=df['Close'].ewm(span=9, adjust=False).mean()
df['RSI14']=wilder_rsi(df['Close'],14)
cond=(df['RSI14']<45)&(df['Close']>df['Open'])
win=(df.loc[cond,'Next_Ret']>0).mean()*100
",VERIFIED_CORRECT_FORMULA_adjust=False
45,QQQ,US,1d_5y,Close>Open+2Red,LONG,73.33,46,24.48,0.02,23.56,25,17.67,Nasdaq100_1d_5y_REAL.csv,"SMA20=Close.rolling(20).mean(), SMA50=Close.rolling(50).mean(), EMA9=Close.ewm(span=9, adjust=False).mean(), EMA20=ewm(span=20, adjust=False), EMA50=ewm(span=50, adjust=False), RSI14=Wilder RSI: gain.ewm(alpha=1/14, adjust=False).mean(), loss.ewm(alpha=1/14, adjust=False).mean(), Range=(High-Low)/Close, 2Red=Ret<0 & Ret.shift(1)<0, Next_Ret=Close.shift(-1)/Close-1",0.02% RT = $0 commission + SEC 0.0008% + FINRA 0.000145% + Exchange 0.003% + slippage 0.01%,25% short-term,"import pandas as pd
def wilder_rsi(s, p=14):
    d=s.diff(); g=d.where(d>0,0); l=-d.where(d<0,0)
    ag=g.ewm(alpha=1/p, adjust=False).mean()
    al=l.ewm(alpha=1/p, adjust=False).mean()
    return 100-(100/(1+ag/al))
df['EMA9']=df['Close'].ewm(span=9, adjust=False).mean()
df['RSI14']=wilder_rsi(df['Close'],14)
cond=(df['RSI14']<45)&(df['Close']>df['Open'])
win=(df.loc[cond,'Next_Ret']>0).mean()*100
",VERIFIED_CORRECT_FORMULA_adjust=False
47,SPY,US,1d_5y,Price>SMA20+Price>SMA50+EMA20<EMA50,LONG,69.49,59,23.91,0.02,22.73,25,17.05,SP500_1d_5y_REAL.csv,"SMA20=Close.rolling(20).mean(), SMA50=Close.rolling(50).mean(), EMA9=Close.ewm(span=9, adjust=False).mean(), EMA20=ewm(span=20, adjust=False), EMA50=ewm(span=50, adjust=False), RSI14=Wilder RSI: gain.ewm(alpha=1/14, adjust=False).mean(), loss.ewm(alpha=1/14, adjust=False).mean(), Range=(High-Low)/Close, 2Red=Ret<0 & Ret.shift(1)<0, Next_Ret=Close.shift(-1)/Close-1",0.02% RT = $0 commission + SEC 0.0008% + FINRA 0.000145% + Exchange 0.003% + slippage 0.01%,25% short-term,"import pandas as pd
def wilder_rsi(s, p=14):
    d=s.diff(); g=d.where(d>0,0); l=-d.where(d<0,0)
    ag=g.ewm(alpha=1/p, adjust=False).mean()
    al=l.ewm(alpha=1/p, adjust=False).mean()
    return 100-(100/(1+ag/al))
df['EMA9']=df['Close'].ewm(span=9, adjust=False).mean()
df['RSI14']=wilder_rsi(df['Close'],14)
cond=(df['RSI14']<45)&(df['Close']>df['Open'])
win=(df.loc[cond,'Next_Ret']>0).mean()*100
",VERIFIED_CORRECT_FORMULA_adjust=False
48,XLI_Indust,US,5Y,Price>SMA50+EMA9>EMA20+EMA20<EMA50,LONG,70.37,54,21.77,0.02,20.69,25,15.52,XLI_Indust_5Y_REAL.csv,"SMA20=Close.rolling(20).mean(), SMA50=Close.rolling(50).mean(), EMA9=Close.ewm(span=9, adjust=False).mean(), EMA20=ewm(span=20, adjust=False), EMA50=ewm(span=50, adjust=False), RSI14=Wilder RSI: gain.ewm(alpha=1/14, adjust=False).mean(), loss.ewm(alpha=1/14, adjust=False).mean(), Range=(High-Low)/Close, 2Red=Ret<0 & Ret.shift(1)<0, Next_Ret=Close.shift(-1)/Close-1",0.02% RT = $0 commission + SEC 0.0008% + FINRA 0.000145% + Exchange 0.003% + slippage 0.01%,25% short-term,"import pandas as pd
def wilder_rsi(s, p=14):
    d=s.diff(); g=d.where(d>0,0); l=-d.where(d<0,0)
    ag=g.ewm(alpha=1/p, adjust=False).mean()
    al=l.ewm(alpha=1/p, adjust=False).mean()
    return 100-(100/(1+ag/al))
df['EMA9']=df['Close'].ewm(span=9, adjust=False).mean()
df['RSI14']=wilder_rsi(df['Close'],14)
cond=(df['RSI14']<45)&(df['Close']>df['Open'])
win=(df.loc[cond,'Next_Ret']>0).mean()*100
",VERIFIED_CORRECT_FORMULA_adjust=False
49,QQQ,US,1d_5y,Price>SMA50+EMA9<EMA20,LONG,76.09,46,20.21,0.02,19.29,25,14.47,Nasdaq100_1d_5y_REAL.csv,"SMA20=Close.rolling(20).mean(), SMA50=Close.rolling(50).mean(), EMA9=Close.ewm(span=9, adjust=False).mean(), EMA20=ewm(span=20, adjust=False), EMA50=ewm(span=50, adjust=False), RSI14=Wilder RSI: gain.ewm(alpha=1/14, adjust=False).mean(), loss.ewm(alpha=1/14, adjust=False).mean(), Range=(High-Low)/Close, 2Red=Ret<0 & Ret.shift(1)<0, Next_Ret=Close.shift(-1)/Close-1",0.02% RT = $0 commission + SEC 0.0008% + FINRA 0.000145% + Exchange 0.003% + slippage 0.01%,25% short-term,"import pandas as pd
def wilder_rsi(s, p=14):
    d=s.diff(); g=d.where(d>0,0); l=-d.where(d<0,0)
    ag=g.ewm(alpha=1/p, adjust=False).mean()
    al=l.ewm(alpha=1/p, adjust=False).mean()
    return 100-(100/(1+ag/al))
df['EMA9']=df['Close'].ewm(span=9, adjust=False).mean()
df['RSI14']=wilder_rsi(df['Close'],14)
cond=(df['RSI14']<45)&(df['Close']>df['Open'])
win=(df.loc[cond,'Next_Ret']>0).mean()*100
",VERIFIED_CORRECT_FORMULA_adjust=False
50,QQQ,US,1d_5y,Price>SMA50+EMA9<EMA20,LONG,76.6,47,20.12,0.02,19.18,25,14.38,QQQ_1d_5y_REAL.csv,"SMA20=Close.rolling(20).mean(), SMA50=Close.rolling(50).mean(), EMA9=Close.ewm(span=9, adjust=False).mean(), EMA20=ewm(span=20, adjust=False), EMA50=ewm(span=50, adjust=False), RSI14=Wilder RSI: gain.ewm(alpha=1/14, adjust=False).mean(), loss.ewm(alpha=1/14, adjust=False).mean(), Range=(High-Low)/Close, 2Red=Ret<0 & Ret.shift(1)<0, Next_Ret=Close.shift(-1)/Close-1",0.02% RT = $0 commission + SEC 0.0008% + FINRA 0.000145% + Exchange 0.003% + slippage 0.01%,25% short-term,"import pandas as pd
def wilder_rsi(s, p=14):
    d=s.diff(); g=d.where(d>0,0); l=-d.where(d<0,0)
    ag=g.ewm(alpha=1/p, adjust=False).mean()
    al=l.ewm(alpha=1/p, adjust=False).mean()
    return 100-(100/(1+ag/al))
df['EMA9']=df['Close'].ewm(span=9, adjust=False).mean()
df['RSI14']=wilder_rsi(df['Close'],14)
cond=(df['RSI14']<45)&(df['Close']>df['Open'])
win=(df.loc[cond,'Next_Ret']>0).mean()*100
",VERIFIED_CORRECT_FORMULA_adjust=False
51,SPY,US,1d_5y,Price>SMA20+Price>SMA50+EMA20<EMA50,LONG,68.97,58,20.01,0.02,18.85,25,14.14,SPY_1d_5y_REAL.csv,"SMA20=Close.rolling(20).mean(), SMA50=Close.rolling(50).mean(), EMA9=Close.ewm(span=9, adjust=False).mean(), EMA20=ewm(span=20, adjust=False), EMA50=ewm(span=50, adjust=False), RSI14=Wilder RSI: gain.ewm(alpha=1/14, adjust=False).mean(), loss.ewm(alpha=1/14, adjust=False).mean(), Range=(High-Low)/Close, 2Red=Ret<0 & Ret.shift(1)<0, Next_Ret=Close.shift(-1)/Close-1",0.02% RT = $0 commission + SEC 0.0008% + FINRA 0.000145% + Exchange 0.003% + slippage 0.01%,25% short-term,"import pandas as pd
def wilder_rsi(s, p=14):
    d=s.diff(); g=d.where(d>0,0); l=-d.where(d<0,0)
    ag=g.ewm(alpha=1/p, adjust=False).mean()
    al=l.ewm(alpha=1/p, adjust=False).mean()
    return 100-(100/(1+ag/al))
df['EMA9']=df['Close'].ewm(span=9, adjust=False).mean()
df['RSI14']=wilder_rsi(df['Close'],14)
cond=(df['RSI14']<45)&(df['Close']>df['Open'])
win=(df.loc[cond,'Next_Ret']>0).mean()*100
",VERIFIED_CORRECT_FORMULA_adjust=False
52,QQQ,US,1d_5y,Price>SMA20+EMA9<EMA20+Close>Open,LONG,71.43,56,19.8,0.02,18.68,25,14.01,QQQ_1d_5y_REAL.csv,"SMA20=Close.rolling(20).mean(), SMA50=Close.rolling(50).mean(), EMA9=Close.ewm(span=9, adjust=False).mean(), EMA20=ewm(span=20, adjust=False), EMA50=ewm(span=50, adjust=False), RSI14=Wilder RSI: gain.ewm(alpha=1/14, adjust=False).mean(), loss.ewm(alpha=1/14, adjust=False).mean(), Range=(High-Low)/Close, 2Red=Ret<0 & Ret.shift(1)<0, Next_Ret=Close.shift(-1)/Close-1",0.02% RT = $0 commission + SEC 0.0008% + FINRA 0.000145% + Exchange 0.003% + slippage 0.01%,25% short-term,"import pandas as pd
def wilder_rsi(s, p=14):
    d=s.diff(); g=d.where(d>0,0); l=-d.where(d<0,0)
    ag=g.ewm(alpha=1/p, adjust=False).mean()
    al=l.ewm(alpha=1/p, adjust=False).mean()
    return 100-(100/(1+ag/al))
df['EMA9']=df['Close'].ewm(span=9, adjust=False).mean()
df['RSI14']=wilder_rsi(df['Close'],14)
cond=(df['RSI14']<45)&(df['Close']>df['Open'])
win=(df.loc[cond,'Next_Ret']>0).mean()*100
",VERIFIED_CORRECT_FORMULA_adjust=False
54,QQQ,US,1d_5y,Price>SMA50+EMA9<EMA20+EMA20>EMA50,LONG,72.73,33,18.09,0.02,17.43,25,13.07,QQQ_1d_5y_REAL.csv,"SMA20=Close.rolling(20).mean(), SMA50=Close.rolling(50).mean(), EMA9=Close.ewm(span=9, adjust=False).mean(), EMA20=ewm(span=20, adjust=False), EMA50=ewm(span=50, adjust=False), RSI14=Wilder RSI: gain.ewm(alpha=1/14, adjust=False).mean(), loss.ewm(alpha=1/14, adjust=False).mean(), Range=(High-Low)/Close, 2Red=Ret<0 & Ret.shift(1)<0, Next_Ret=Close.shift(-1)/Close-1",0.02% RT = $0 commission + SEC 0.0008% + FINRA 0.000145% + Exchange 0.003% + slippage 0.01%,25% short-term,"import pandas as pd
def wilder_rsi(s, p=14):
    d=s.diff(); g=d.where(d>0,0); l=-d.where(d<0,0)
    ag=g.ewm(alpha=1/p, adjust=False).mean()
    al=l.ewm(alpha=1/p, adjust=False).mean()
    return 100-(100/(1+ag/al))
df['EMA9']=df['Close'].ewm(span=9, adjust=False).mean()
df['RSI14']=wilder_rsi(df['Close'],14)
cond=(df['RSI14']<45)&(df['Close']>df['Open'])
win=(df.loc[cond,'Next_Ret']>0).mean()*100
",VERIFIED_CORRECT_FORMULA_adjust=False
55,XLC_Comm,US,5Y,Price>SMA20+Price<SMA50+EMA9<EMA20,LONG,68.97,58,18.54,0.02,17.38,25,13.04,XLC_Comm_5Y_REAL.csv,"SMA20=Close.rolling(20).mean(), SMA50=Close.rolling(50).mean(), EMA9=Close.ewm(span=9, adjust=False).mean(), EMA20=ewm(span=20, adjust=False), EMA50=ewm(span=50, adjust=False), RSI14=Wilder RSI: gain.ewm(alpha=1/14, adjust=False).mean(), loss.ewm(alpha=1/14, adjust=False).mean(), Range=(High-Low)/Close, 2Red=Ret<0 & Ret.shift(1)<0, Next_Ret=Close.shift(-1)/Close-1",0.02% RT = $0 commission + SEC 0.0008% + FINRA 0.000145% + Exchange 0.003% + slippage 0.01%,25% short-term,"import pandas as pd
def wilder_rsi(s, p=14):
    d=s.diff(); g=d.where(d>0,0); l=-d.where(d<0,0)
    ag=g.ewm(alpha=1/p, adjust=False).mean()
    al=l.ewm(alpha=1/p, adjust=False).mean()
    return 100-(100/(1+ag/al))
df['EMA9']=df['Close'].ewm(span=9, adjust=False).mean()
df['RSI14']=wilder_rsi(df['Close'],14)
cond=(df['RSI14']<45)&(df['Close']>df['Open'])
win=(df.loc[cond,'Next_Ret']>0).mean()*100
",VERIFIED_CORRECT_FORMULA_adjust=False
57,XLRE_RE,US,5Y,Price>SMA20+EMA9<EMA20+Close<Open,LONG,69.23,39,17.62,0.02,16.84,25,12.63,XLRE_RE_5Y_REAL.csv,"SMA20=Close.rolling(20).mean(), SMA50=Close.rolling(50).mean(), EMA9=Close.ewm(span=9, adjust=False).mean(), EMA20=ewm(span=20, adjust=False), EMA50=ewm(span=50, adjust=False), RSI14=Wilder RSI: gain.ewm(alpha=1/14, adjust=False).mean(), loss.ewm(alpha=1/14, adjust=False).mean(), Range=(High-Low)/Close, 2Red=Ret<0 & Ret.shift(1)<0, Next_Ret=Close.shift(-1)/Close-1",0.02% RT = $0 commission + SEC 0.0008% + FINRA 0.000145% + Exchange 0.003% + slippage 0.01%,25% short-term,"import pandas as pd
def wilder_rsi(s, p=14):
    d=s.diff(); g=d.where(d>0,0); l=-d.where(d<0,0)
    ag=g.ewm(alpha=1/p, adjust=False).mean()
    al=l.ewm(alpha=1/p, adjust=False).mean()
    return 100-(100/(1+ag/al))
df['EMA9']=df['Close'].ewm(span=9, adjust=False).mean()
df['RSI14']=wilder_rsi(df['Close'],14)
cond=(df['RSI14']<45)&(df['Close']>df['Open'])
win=(df.loc[cond,'Next_Ret']>0).mean()*100
",VERIFIED_CORRECT_FORMULA_adjust=False
58,QQQ,US,1d_5y,Price>SMA50+EMA9<EMA20+Close>Open,LONG,80.0,35,17.22,0.02,16.52,25,12.39,QQQ_1d_5y_REAL.csv,"SMA20=Close.rolling(20).mean(), SMA50=Close.rolling(50).mean(), EMA9=Close.ewm(span=9, adjust=False).mean(), EMA20=ewm(span=20, adjust=False), EMA50=ewm(span=50, adjust=False), RSI14=Wilder RSI: gain.ewm(alpha=1/14, adjust=False).mean(), loss.ewm(alpha=1/14, adjust=False).mean(), Range=(High-Low)/Close, 2Red=Ret<0 & Ret.shift(1)<0, Next_Ret=Close.shift(-1)/Close-1",0.02% RT = $0 commission + SEC 0.0008% + FINRA 0.000145% + Exchange 0.003% + slippage 0.01%,25% short-term,"import pandas as pd
def wilder_rsi(s, p=14):
    d=s.diff(); g=d.where(d>0,0); l=-d.where(d<0,0)
    ag=g.ewm(alpha=1/p, adjust=False).mean()
    al=l.ewm(alpha=1/p, adjust=False).mean()
    return 100-(100/(1+ag/al))
df['EMA9']=df['Close'].ewm(span=9, adjust=False).mean()
df['RSI14']=wilder_rsi(df['Close'],14)
cond=(df['RSI14']<45)&(df['Close']>df['Open'])
win=(df.loc[cond,'Next_Ret']>0).mean()*100
",VERIFIED_CORRECT_FORMULA_adjust=False
59,QQQ,US,1d_5y,EMA20>EMA50+Close>Open+2Red,LONG,69.7,34,16.68,0.02,16.0,25,12.0,Nasdaq100_1d_5y_REAL.csv,"SMA20=Close.rolling(20).mean(), SMA50=Close.rolling(50).mean(), EMA9=Close.ewm(span=9, adjust=False).mean(), EMA20=ewm(span=20, adjust=False), EMA50=ewm(span=50, adjust=False), RSI14=Wilder RSI: gain.ewm(alpha=1/14, adjust=False).mean(), loss.ewm(alpha=1/14, adjust=False).mean(), Range=(High-Low)/Close, 2Red=Ret<0 & Ret.shift(1)<0, Next_Ret=Close.shift(-1)/Close-1",0.02% RT = $0 commission + SEC 0.0008% + FINRA 0.000145% + Exchange 0.003% + slippage 0.01%,25% short-term,"import pandas as pd
def wilder_rsi(s, p=14):
    d=s.diff(); g=d.where(d>0,0); l=-d.where(d<0,0)
    ag=g.ewm(alpha=1/p, adjust=False).mean()
    al=l.ewm(alpha=1/p, adjust=False).mean()
    return 100-(100/(1+ag/al))
df['EMA9']=df['Close'].ewm(span=9, adjust=False).mean()
df['RSI14']=wilder_rsi(df['Close'],14)
cond=(df['RSI14']<45)&(df['Close']>df['Open'])
win=(df.loc[cond,'Next_Ret']>0).mean()*100
",VERIFIED_CORRECT_FORMULA_adjust=False
63,QQQ,US,1d_5y,EMA9>EMA20+Close>Open+2Red,LONG,69.7,33,15.39,0.02,14.73,25,11.05,QQQ_1d_5y_REAL.csv,"SMA20=Close.rolling(20).mean(), SMA50=Close.rolling(50).mean(), EMA9=Close.ewm(span=9, adjust=False).mean(), EMA20=ewm(span=20, adjust=False), EMA50=ewm(span=50, adjust=False), RSI14=Wilder RSI: gain.ewm(alpha=1/14, adjust=False).mean(), loss.ewm(alpha=1/14, adjust=False).mean(), Range=(High-Low)/Close, 2Red=Ret<0 & Ret.shift(1)<0, Next_Ret=Close.shift(-1)/Close-1",0.02% RT = $0 commission + SEC 0.0008% + FINRA 0.000145% + Exchange 0.003% + slippage 0.01%,25% short-term,"import pandas as pd
def wilder_rsi(s, p=14):
    d=s.diff(); g=d.where(d>0,0); l=-d.where(d<0,0)
    ag=g.ewm(alpha=1/p, adjust=False).mean()
    al=l.ewm(alpha=1/p, adjust=False).mean()
    return 100-(100/(1+ag/al))
df['EMA9']=df['Close'].ewm(span=9, adjust=False).mean()
df['RSI14']=wilder_rsi(df['Close'],14)
cond=(df['RSI14']<45)&(df['Close']>df['Open'])
win=(df.loc[cond,'Next_Ret']>0).mean()*100
",VERIFIED_CORRECT_FORMULA_adjust=False
65,DOGE,Crypto,1d_5y,EMA9>EMA20+EMA20<EMA50+2Red,SHORT,65.91,44,26.32,0.3,13.12,30,9.18,DOGE_1d_5y_REAL.csv,"SMA20=Close.rolling(20).mean(), SMA50=Close.rolling(50).mean(), EMA9=Close.ewm(span=9, adjust=False).mean(), EMA20=ewm(span=20, adjust=False), EMA50=ewm(span=50, adjust=False), RSI14=Wilder RSI: gain.ewm(alpha=1/14, adjust=False).mean(), loss.ewm(alpha=1/14, adjust=False).mean(), Range=(High-Low)/Close, 2Red=Ret<0 & Ret.shift(1)<0, Next_Ret=Close.shift(-1)/Close-1",0.30% RT = Binance 0.1% per side (0.2% RT) + slippage 0.05% per side (0.1% RT),30% India crypto tax / 25% US,"import pandas as pd
def wilder_rsi(s, p=14):
    d=s.diff(); g=d.where(d>0,0); l=-d.where(d<0,0)
    ag=g.ewm(alpha=1/p, adjust=False).mean()
    al=l.ewm(alpha=1/p, adjust=False).mean()
    return 100-(100/(1+ag/al))
df['EMA9']=df['Close'].ewm(span=9, adjust=False).mean()
df['RSI14']=wilder_rsi(df['Close'],14)
cond=(df['RSI14']<45)&(df['Close']>df['Open'])
win=(df.loc[cond,'Next_Ret']>0).mean()*100
",VERIFIED_CORRECT_FORMULA_adjust=False
66,BANKBEES.NS,India,5Y,Price>SMA20+EMA20<EMA50+Range>1.5%,LONG,64.44,45,16.0,0.12,10.6,15,9.01,Nifty_Bank_YAHOO_5Y_REAL_YAHOO.csv,"SMA20=Close.rolling(20).mean(), SMA50=Close.rolling(50).mean(), EMA9=Close.ewm(span=9, adjust=False).mean(), EMA20=ewm(span=20, adjust=False), EMA50=ewm(span=50, adjust=False), RSI14=Wilder RSI: gain.ewm(alpha=1/14, adjust=False).mean(), loss.ewm(alpha=1/14, adjust=False).mean(), Range=(High-Low)/Close, 2Red=Ret<0 & Ret.shift(1)<0, Next_Ret=Close.shift(-1)/Close-1",0.12% RT = Brokerage 0.03% + STT 0.01% + Exchange 0.003% + GST 18% + Stamp 0.003% (Zerodha real),15% STCG,"import pandas as pd
def wilder_rsi(s, p=14):
    d=s.diff(); g=d.where(d>0,0); l=-d.where(d<0,0)
    ag=g.ewm(alpha=1/p, adjust=False).mean()
    al=l.ewm(alpha=1/p, adjust=False).mean()
    return 100-(100/(1+ag/al))
df['EMA9']=df['Close'].ewm(span=9, adjust=False).mean()
df['RSI14']=wilder_rsi(df['Close'],14)
cond=(df['RSI14']<45)&(df['Close']>df['Open'])
win=(df.loc[cond,'Next_Ret']>0).mean()*100
",VERIFIED_CORRECT_FORMULA_adjust=False
67,BANKBEES.NS,India,1d_5y,Price>SMA20+EMA20<EMA50+Range>1.5%,LONG,64.44,45,16.0,0.12,10.6,15,9.01,Bank_Nifty_5Y_Daily.csv,"SMA20=Close.rolling(20).mean(), SMA50=Close.rolling(50).mean(), EMA9=Close.ewm(span=9, adjust=False).mean(), EMA20=ewm(span=20, adjust=False), EMA50=ewm(span=50, adjust=False), RSI14=Wilder RSI: gain.ewm(alpha=1/14, adjust=False).mean(), loss.ewm(alpha=1/14, adjust=False).mean(), Range=(High-Low)/Close, 2Red=Ret<0 & Ret.shift(1)<0, Next_Ret=Close.shift(-1)/Close-1",0.12% RT = Brokerage 0.03% + STT 0.01% + Exchange 0.003% + GST 18% + Stamp 0.003% (Zerodha real),15% STCG,"import pandas as pd
def wilder_rsi(s, p=14):
    d=s.diff(); g=d.where(d>0,0); l=-d.where(d<0,0)
    ag=g.ewm(alpha=1/p, adjust=False).mean()
    al=l.ewm(alpha=1/p, adjust=False).mean()
    return 100-(100/(1+ag/al))
df['EMA9']=df['Close'].ewm(span=9, adjust=False).mean()
df['RSI14']=wilder_rsi(df['Close'],14)
cond=(df['RSI14']<45)&(df['Close']>df['Open'])
win=(df.loc[cond,'Next_Ret']>0).mean()*100
",VERIFIED_CORRECT_FORMULA_adjust=False
68,SPY,US,1d_5y,Price>SMA50+EMA20<EMA50+Close>Open,LONG,68.89,45,12.68,0.02,11.78,25,8.83,SPY_1d_5y_REAL.csv,"SMA20=Close.rolling(20).mean(), SMA50=Close.rolling(50).mean(), EMA9=Close.ewm(span=9, adjust=False).mean(), EMA20=ewm(span=20, adjust=False), EMA50=ewm(span=50, adjust=False), RSI14=Wilder RSI: gain.ewm(alpha=1/14, adjust=False).mean(), loss.ewm(alpha=1/14, adjust=False).mean(), Range=(High-Low)/Close, 2Red=Ret<0 & Ret.shift(1)<0, Next_Ret=Close.shift(-1)/Close-1",0.02% RT = $0 commission + SEC 0.0008% + FINRA 0.000145% + Exchange 0.003% + slippage 0.01%,25% short-term,"import pandas as pd
def wilder_rsi(s, p=14):
    d=s.diff(); g=d.where(d>0,0); l=-d.where(d<0,0)
    ag=g.ewm(alpha=1/p, adjust=False).mean()
    al=l.ewm(alpha=1/p, adjust=False).mean()
    return 100-(100/(1+ag/al))
df['EMA9']=df['Close'].ewm(span=9, adjust=False).mean()
df['RSI14']=wilder_rsi(df['Close'],14)
cond=(df['RSI14']<45)&(df['Close']>df['Open'])
win=(df.loc[cond,'Next_Ret']>0).mean()*100
",VERIFIED_CORRECT_FORMULA_adjust=False
72,DIA,US,1d_5y,EMA9>EMA20+EMA20<EMA50+Close<Open,LONG,70.0,30,10.0,0.02,9.4,25,7.05,DIA_1d_5y_REAL.csv,"SMA20=Close.rolling(20).mean(), SMA50=Close.rolling(50).mean(), EMA9=Close.ewm(span=9, adjust=False).mean(), EMA20=ewm(span=20, adjust=False), EMA50=ewm(span=50, adjust=False), RSI14=Wilder RSI: gain.ewm(alpha=1/14, adjust=False).mean(), loss.ewm(alpha=1/14, adjust=False).mean(), Range=(High-Low)/Close, 2Red=Ret<0 & Ret.shift(1)<0, Next_Ret=Close.shift(-1)/Close-1",0.02% RT = $0 commission + SEC 0.0008% + FINRA 0.000145% + Exchange 0.003% + slippage 0.01%,25% short-term,"import pandas as pd
def wilder_rsi(s, p=14):
    d=s.diff(); g=d.where(d>0,0); l=-d.where(d<0,0)
    ag=g.ewm(alpha=1/p, adjust=False).mean()
    al=l.ewm(alpha=1/p, adjust=False).mean()
    return 100-(100/(1+ag/al))
df['EMA9']=df['Close'].ewm(span=9, adjust=False).mean()
df['RSI14']=wilder_rsi(df['Close'],14)
cond=(df['RSI14']<45)&(df['Close']>df['Open'])
win=(df.loc[cond,'Next_Ret']>0).mean()*100
",VERIFIED_CORRECT_FORMULA_adjust=False
81,XRP,Crypto,1d_5y,Price<SMA50+EMA20>EMA50+Close>Open,SHORT,66.67,42,16.06,0.3,3.46,30,2.42,XRP_1d_5y_REAL.csv,"SMA20=Close.rolling(20).mean(), SMA50=Close.rolling(50).mean(), EMA9=Close.ewm(span=9, adjust=False).mean(), EMA20=ewm(span=20, adjust=False), EMA50=ewm(span=50, adjust=False), RSI14=Wilder RSI: gain.ewm(alpha=1/14, adjust=False).mean(), loss.ewm(alpha=1/14, adjust=False).mean(), Range=(High-Low)/Close, 2Red=Ret<0 & Ret.shift(1)<0, Next_Ret=Close.shift(-1)/Close-1",0.30% RT = Binance 0.1% per side (0.2% RT) + slippage 0.05% per side (0.1% RT),30% India crypto tax / 25% US,"import pandas as pd
def wilder_rsi(s, p=14):
    d=s.diff(); g=d.where(d>0,0); l=-d.where(d<0,0)
    ag=g.ewm(alpha=1/p, adjust=False).mean()
    al=l.ewm(alpha=1/p, adjust=False).mean()
    return 100-(100/(1+ag/al))
df['EMA9']=df['Close'].ewm(span=9, adjust=False).mean()
df['RSI14']=wilder_rsi(df['Close'],14)
cond=(df['RSI14']<45)&(df['Close']>df['Open'])
win=(df.loc[cond,'Next_Ret']>0).mean()*100
",VERIFIED_CORRECT_FORMULA_adjust=False
1,XLF,US,1d_5y,Price>SMA20+SMA20<SMA50,LONG,60.49,243,162.84,0.02,157.98,25,118.48,MINER_5y_daily_OOS_OK,"SMA20=Close.rolling(20).mean(), SMA50=rolling(50).mean(), EMA9/20/50=ewm(span,adjust=False), RSI14=Wilder alpha=1/14 adjust=False, Range=(High-Low)/Close, Ret=pct_change, 2Red=2 consecutive down candles",0.02% RT (0 commission + SEC/FINRA + exchange + slippage 0.01%),25% short-term capital gains,,MINED_VECTORIZED_2026-08_OOS_OK
2,XLF,US,1d_5y,Price>EMA9+SMA20<SMA50,LONG,58.09,272,159.09,0.02,153.65,25,115.24,MINER_5y_daily_OOS_OK,"SMA20=Close.rolling(20).mean(), SMA50=rolling(50).mean(), EMA9/20/50=ewm(span,adjust=False), RSI14=Wilder alpha=1/14 adjust=False, Range=(High-Low)/Close, Ret=pct_change, 2Red=2 consecutive down candles",0.02% RT (0 commission + SEC/FINRA + exchange + slippage 0.01%),25% short-term capital gains,,MINED_VECTORIZED_2026-08_OOS_OK
3,XLF,US,1d_5y,Price>EMA50+SMA20<SMA50,LONG,64.52,186,143.01,0.02,139.29,25,104.47,MINER_5y_daily_OOS_OK,"SMA20=Close.rolling(20).mean(), SMA50=rolling(50).mean(), EMA9/20/50=ewm(span,adjust=False), RSI14=Wilder alpha=1/14 adjust=False, Range=(High-Low)/Close, Ret=pct_change, 2Red=2 consecutive down candles",0.02% RT (0 commission + SEC/FINRA + exchange + slippage 0.01%),25% short-term capital gains,,MINED_VECTORIZED_2026-08_OOS_OK
1,SP100,US,1d_5y,Price>EMA9+SMA20<SMA50,LONG,57.64,229,134.01,0.02,129.43,25,97.07,MINER_5y_daily_OOS_OK,"SMA20=Close.rolling(20).mean(), SMA50=rolling(50).mean(), EMA9/20/50=ewm(span,adjust=False), RSI14=Wilder alpha=1/14 adjust=False, Range=(High-Low)/Close, Ret=pct_change, 2Red=2 consecutive down candles",0.02% RT (0 commission + SEC/FINRA + exchange + slippage 0.01%),25% short-term capital gains,,MINED_VECTORIZED_2026-08_OOS_OK
1,VTI,US,1d_5y,EMA20<EMA50+Price>SMA20,LONG,70.55,146,130.69,0.02,127.77,25,95.83,MINER_5y_daily_OOS_OK,"SMA20=Close.rolling(20).mean(), SMA50=rolling(50).mean(), EMA9/20/50=ewm(span,adjust=False), RSI14=Wilder alpha=1/14 adjust=False, Range=(High-Low)/Close, Ret=pct_change, 2Red=2 consecutive down candles",0.02% RT (0 commission + SEC/FINRA + exchange + slippage 0.01%),25% short-term capital gains,,MINED_VECTORIZED_2026-08_OOS_OK
1,XLK,US,1d_5y,Price>EMA9+SMA20<SMA50,LONG,51.38,253,132.37,0.02,127.31,25,95.48,MINER_5y_daily_OOS_OK,"SMA20=Close.rolling(20).mean(), SMA50=rolling(50).mean(), EMA9/20/50=ewm(span,adjust=False), RSI14=Wilder alpha=1/14 adjust=False, Range=(High-Low)/Close, Ret=pct_change, 2Red=2 consecutive down candles",0.02% RT (0 commission + SEC/FINRA + exchange + slippage 0.01%),25% short-term capital gains,,MINED_VECTORIZED_2026-08_OOS_OK
2,SP100,US,1d_5y,Price>EMA20+SMA20<SMA50,LONG,62.18,193,130.67,0.02,126.81,25,95.11,MINER_5y_daily_OOS_OK,"SMA20=Close.rolling(20).mean(), SMA50=rolling(50).mean(), EMA9/20/50=ewm(span,adjust=False), RSI14=Wilder alpha=1/14 adjust=False, Range=(High-Low)/Close, Ret=pct_change, 2Red=2 consecutive down candles",0.02% RT (0 commission + SEC/FINRA + exchange + slippage 0.01%),25% short-term capital gains,,MINED_VECTORIZED_2026-08_OOS_OK
4,XLF,US,1d_5y,Price>EMA20+SMA20<SMA50,LONG,59.64,223,130.77,0.02,126.31,25,94.73,MINER_5y_daily_OOS_OK,"SMA20=Close.rolling(20).mean(), SMA50=rolling(50).mean(), EMA9/20/50=ewm(span,adjust=False), RSI14=Wilder alpha=1/14 adjust=False, Range=(High-Low)/Close, Ret=pct_change, 2Red=2 consecutive down candles",0.02% RT (0 commission + SEC/FINRA + exchange + slippage 0.01%),25% short-term capital gains,,MINED_VECTORIZED_2026-08_OOS_OK
2,XLK,US,1d_5y,Price>EMA20+SMA20<SMA50,LONG,54.23,201,127.82,0.02,123.8,25,92.85,MINER_5y_daily_OOS_OK,"SMA20=Close.rolling(20).mean(), SMA50=rolling(50).mean(), EMA9/20/50=ewm(span,adjust=False), RSI14=Wilder alpha=1/14 adjust=False, Range=(High-Low)/Close, Ret=pct_change, 2Red=2 consecutive down candles",0.02% RT (0 commission + SEC/FINRA + exchange + slippage 0.01%),25% short-term capital gains,,MINED_VECTORIZED_2026-08_OOS_OK
2,VTI,US,1d_5y,Price>SMA20+SMA20<SMA50,LONG,62.83,226,127.51,0.02,122.99,25,92.24,MINER_5y_daily_OOS_OK,"SMA20=Close.rolling(20).mean(), SMA50=rolling(50).mean(), EMA9/20/50=ewm(span,adjust=False), RSI14=Wilder alpha=1/14 adjust=False, Range=(High-Low)/Close, Ret=pct_change, 2Red=2 consecutive down candles",0.02% RT (0 commission + SEC/FINRA + exchange + slippage 0.01%),25% short-term capital gains,,MINED_VECTORIZED_2026-08_OOS_OK
5,XLF,US,1d_5y,Price>SMA50+SMA20<SMA50,LONG,68.28,145,125.74,0.02,122.84,25,92.13,MINER_5y_daily_OOS_OK,"SMA20=Close.rolling(20).mean(), SMA50=rolling(50).mean(), EMA9/20/50=ewm(span,adjust=False), RSI14=Wilder alpha=1/14 adjust=False, Range=(High-Low)/Close, Ret=pct_change, 2Red=2 consecutive down candles",0.02% RT (0 commission + SEC/FINRA + exchange + slippage 0.01%),25% short-term capital gains,,MINED_VECTORIZED_2026-08_OOS_OK
48,SPY,US,1d_5y,Price>EMA9+SMA20<SMA50,LONG,59.73,226,126.49,0.02,121.97,25,91.48,MINER_5y_daily_OOS_OK,"SMA20=Close.rolling(20).mean(), SMA50=rolling(50).mean(), EMA9/20/50=ewm(span,adjust=False), RSI14=Wilder alpha=1/14 adjust=False, Range=(High-Low)/Close, Ret=pct_change, 2Red=2 consecutive down candles",0.02% RT (0 commission + SEC/FINRA + exchange + slippage 0.01%),25% short-term capital gains,,MINED_VECTORIZED_2026-08_OOS_OK
69,SPY,US,1d_5y,Price>EMA9+SMA20<SMA50,LONG,60.26,229,122.83,0.02,118.25,25,88.69,MINER_5y_daily_OOS_OK,"SMA20=Close.rolling(20).mean(), SMA50=rolling(50).mean(), EMA9/20/50=ewm(span,adjust=False), RSI14=Wilder alpha=1/14 adjust=False, Range=(High-Low)/Close, Ret=pct_change, 2Red=2 consecutive down candles",0.02% RT (0 commission + SEC/FINRA + exchange + slippage 0.01%),25% short-term capital gains,,MINED_VECTORIZED_2026-08_OOS_OK
70,SPY,US,1d_5y,Price>EMA20+SMA20<SMA50,LONG,63.68,190,121.99,0.02,118.19,25,88.64,MINER_5y_daily_OOS_OK,"SMA20=Close.rolling(20).mean(), SMA50=rolling(50).mean(), EMA9/20/50=ewm(span,adjust=False), RSI14=Wilder alpha=1/14 adjust=False, Range=(High-Low)/Close, Ret=pct_change, 2Red=2 consecutive down candles",0.02% RT (0 commission + SEC/FINRA + exchange + slippage 0.01%),25% short-term capital gains,,MINED_VECTORIZED_2026-08_OOS_OK
1,Russell1000,US,1d_5y,Price>EMA9+SMA20<SMA50,LONG,57.81,237,121.53,0.02,116.79,25,87.59,MINER_5y_daily_OOS_OK,"SMA20=Close.rolling(20).mean(), SMA50=rolling(50).mean(), EMA9/20/50=ewm(span,adjust=False), RSI14=Wilder alpha=1/14 adjust=False, Range=(High-Low)/Close, Ret=pct_change, 2Red=2 consecutive down candles",0.02% RT (0 commission + SEC/FINRA + exchange + slippage 0.01%),25% short-term capital gains,,MINED_VECTORIZED_2026-08_OOS_OK
71,SPY,US,1d_5y,Price>SMA20+SMA20<SMA50,LONG,61.08,203,119.52,0.02,115.46,25,86.6,MINER_5y_daily_OOS_OK,"SMA20=Close.rolling(20).mean(), SMA50=rolling(50).mean(), EMA9/20/50=ewm(span,adjust=False), RSI14=Wilder alpha=1/14 adjust=False, Range=(High-Low)/Close, Ret=pct_change, 2Red=2 consecutive down candles",0.02% RT (0 commission + SEC/FINRA + exchange + slippage 0.01%),25% short-term capital gains,,MINED_VECTORIZED_2026-08_OOS_OK
3,SP100,US,1d_5y,Price>SMA20+SMA20<SMA50,LONG,58.54,205,119.35,0.02,115.25,25,86.43,MINER_5y_daily_OOS_OK,"SMA20=Close.rolling(20).mean(), SMA50=rolling(50).mean(), EMA9/20/50=ewm(span,adjust=False), RSI14=Wilder alpha=1/14 adjust=False, Range=(High-Low)/Close, Ret=pct_change, 2Red=2 consecutive down candles",0.02% RT (0 commission + SEC/FINRA + exchange + slippage 0.01%),25% short-term capital gains,,MINED_VECTORIZED_2026-08_OOS_OK
49,SPY,US,1d_5y,Price>EMA20+SMA20<SMA50,LONG,62.57,187,117.54,0.02,113.8,25,85.35,MINER_5y_daily_OOS_OK,"SMA20=Close.rolling(20).mean(), SMA50=rolling(50).mean(), EMA9/20/50=ewm(span,adjust=False), RSI14=Wilder alpha=1/14 adjust=False, Range=(High-Low)/Close, Ret=pct_change, 2Red=2 consecutive down candles",0.02% RT (0 commission + SEC/FINRA + exchange + slippage 0.01%),25% short-term capital gains,,MINED_VECTORIZED_2026-08_OOS_OK
50,SPY,US,1d_5y,Price>SMA20+SMA20<SMA50,LONG,59.9,202,117.67,0.02,113.63,25,85.22,MINER_5y_daily_OOS_OK,"SMA20=Close.rolling(20).mean(), SMA50=rolling(50).mean(), EMA9/20/50=ewm(span,adjust=False), RSI14=Wilder alpha=1/14 adjust=False, Range=(High-Low)/Close, Ret=pct_change, 2Red=2 consecutive down candles",0.02% RT (0 commission + SEC/FINRA + exchange + slippage 0.01%),25% short-term capital gains,,MINED_VECTORIZED_2026-08_OOS_OK
2,Russell1000,US,1d_5y,Price>SMA20+SMA20<SMA50,LONG,58.74,206,117.42,0.02,113.3,25,84.98,MINER_5y_daily_OOS_OK,"SMA20=Close.rolling(20).mean(), SMA50=rolling(50).mean(), EMA9/20/50=ewm(span,adjust=False), RSI14=Wilder alpha=1/14 adjust=False, Range=(High-Low)/Close, Ret=pct_change, 2Red=2 consecutive down candles",0.02% RT (0 commission + SEC/FINRA + exchange + slippage 0.01%),25% short-term capital gains,,MINED_VECTORIZED_2026-08_OOS_OK
3,VTI,US,1d_5y,Range<1%+SMA20<EMA20,LONG,60.9,376,120.05,0.02,112.53,25,84.4,MINER_5y_daily_OOS_OK,"SMA20=Close.rolling(20).mean(), SMA50=rolling(50).mean(), EMA9/20/50=ewm(span,adjust=False), RSI14=Wilder alpha=1/14 adjust=False, Range=(High-Low)/Close, Ret=pct_change, 2Red=2 consecutive down candles",0.02% RT (0 commission + SEC/FINRA + exchange + slippage 0.01%),25% short-term capital gains,,MINED_VECTORIZED_2026-08_OOS_OK
4,VTI,US,1d_5y,Price>EMA20+SMA20<SMA50,LONG,62.73,220,116.65,0.02,112.25,25,84.19,MINER_5y_daily_OOS_OK,"SMA20=Close.rolling(20).mean(), SMA50=rolling(50).mean(), EMA9/20/50=ewm(span,adjust=False), RSI14=Wilder alpha=1/14 adjust=False, Range=(High-Low)/Close, Ret=pct_change, 2Red=2 consecutive down candles",0.02% RT (0 commission + SEC/FINRA + exchange + slippage 0.01%),25% short-term capital gains,,MINED_VECTORIZED_2026-08_OOS_OK
44,SOXX,US,1d_5y,2Red+Price>SMA50,LONG,50.0,128,113.52,0.02,110.96,25,83.22,MINER_5y_daily_OOS_OK,"SMA20=Close.rolling(20).mean(), SMA50=rolling(50).mean(), EMA9/20/50=ewm(span,adjust=False), RSI14=Wilder alpha=1/14 adjust=False, Range=(High-Low)/Close, Ret=pct_change, 2Red=2 consecutive down candles",0.02% RT (0 commission + SEC/FINRA + exchange + slippage 0.01%),25% short-term capital gains,,MINED_VECTORIZED_2026-08_OOS_OK
45,SOXX,US,1d_5y,2Red+EMA20>EMA50+Price>SMA50,LONG,51.26,119,113.18,0.02,110.8,25,83.1,MINER_5y_daily_OOS_OK,"SMA20=Close.rolling(20).mean(), SMA50=rolling(50).mean(), EMA9/20/50=ewm(span,adjust=False), RSI14=Wilder alpha=1/14 adjust=False, Range=(High-Low)/Close, Ret=pct_change, 2Red=2 consecutive down candles",0.02% RT (0 commission + SEC/FINRA + exchange + slippage 0.01%),25% short-term capital gains,,MINED_VECTORIZED_2026-08_OOS_OK
3,XLK,US,1d_5y,RSI>50+SMA20<SMA50,LONG,54.55,187,113.82,0.02,110.08,25,82.56,MINER_5y_daily_OOS_OK,"SMA20=Close.rolling(20).mean(), SMA50=rolling(50).mean(), EMA9/20/50=ewm(span,adjust=False), RSI14=Wilder alpha=1/14 adjust=False, Range=(High-Low)/Close, Ret=pct_change, 2Red=2 consecutive down candles",0.02% RT (0 commission + SEC/FINRA + exchange + slippage 0.01%),25% short-term capital gains,,MINED_VECTORIZED_2026-08_OOS_OK
5,VTI,US,1d_5y,Price>EMA9+SMA20<SMA50,LONG,59.53,257,115.06,0.02,109.92,25,82.44,MINER_5y_daily_OOS_OK,"SMA20=Close.rolling(20).mean(), SMA50=rolling(50).mean(), EMA9/20/50=ewm(span,adjust=False), RSI14=Wilder alpha=1/14 adjust=False, Range=(High-Low)/Close, Ret=pct_change, 2Red=2 consecutive down candles",0.02% RT (0 commission + SEC/FINRA + exchange + slippage 0.01%),25% short-term capital gains,,MINED_VECTORIZED_2026-08_OOS_OK
4,SP100,US,1d_5y,EMA9>EMA20+Price>SMA20+Range<1%,LONG,59.53,467,119.12,0.02,109.78,25,82.33,MINER_5y_daily_OOS_OK,"SMA20=Close.rolling(20).mean(), SMA50=rolling(50).mean(), EMA9/20/50=ewm(span,adjust=False), RSI14=Wilder alpha=1/14 adjust=False, Range=(High-Low)/Close, Ret=pct_change, 2Red=2 consecutive down candles",0.02% RT (0 commission + SEC/FINRA + exchange + slippage 0.01%),25% short-term capital gains,,MINED_VECTORIZED_2026-08_OOS_OK
4,XLK,US,1d_5y,Price>SMA20+SMA20<SMA50,LONG,52.13,211,113.78,0.02,109.56,25,82.17,MINER_5y_daily_OOS_OK,"SMA20=Close.rolling(20).mean(), SMA50=rolling(50).mean(), EMA9/20/50=ewm(span,adjust=False), RSI14=Wilder alpha=1/14 adjust=False, Range=(High-Low)/Close, Ret=pct_change, 2Red=2 consecutive down candles",0.02% RT (0 commission + SEC/FINRA + exchange + slippage 0.01%),25% short-term capital gains,,MINED_VECTORIZED_2026-08_OOS_OK
73,DIA,US,1d_5y,Price>EMA9+SMA20<SMA50,LONG,60.73,247,113.91,0.02,108.97,25,81.73,MINER_5y_daily_OOS_OK,"SMA20=Close.rolling(20).mean(), SMA50=rolling(50).mean(), EMA9/20/50=ewm(span,adjust=False), RSI14=Wilder alpha=1/14 adjust=False, Range=(High-Low)/Close, Ret=pct_change, 2Red=2 consecutive down candles",0.02% RT (0 commission + SEC/FINRA + exchange + slippage 0.01%),25% short-term capital gains,,MINED_VECTORIZED_2026-08_OOS_OK
5,SP100,US,1d_5y,RSI>50+SMA20<SMA50,LONG,61.45,179,111.04,0.02,107.46,25,80.6,MINER_5y_daily_OOS_OK,"SMA20=Close.rolling(20).mean(), SMA50=rolling(50).mean(), EMA9/20/50=ewm(span,adjust=False), RSI14=Wilder alpha=1/14 adjust=False, Range=(High-Low)/Close, Ret=pct_change, 2Red=2 consecutive down candles",0.02% RT (0 commission + SEC/FINRA + exchange + slippage 0.01%),25% short-term capital gains,,MINED_VECTORIZED_2026-08_OOS_OK
47,SOXX,US,1d_5y,Price>SMA50+SMA20<SMA50,LONG,52.14,117,108.42,0.02,106.08,25,79.56,MINER_5y_daily_OOS_OK,"SMA20=Close.rolling(20).mean(), SMA50=rolling(50).mean(), EMA9/20/50=ewm(span,adjust=False), RSI14=Wilder alpha=1/14 adjust=False, Range=(High-Low)/Close, Ret=pct_change, 2Red=2 consecutive down candles",0.02% RT (0 commission + SEC/FINRA + exchange + slippage 0.01%),25% short-term capital gains,,MINED_VECTORIZED_2026-08_OOS_OK
3,Russell1000,US,1d_5y,Price>EMA20+SMA20<SMA50,LONG,60.1,193,109.31,0.02,105.45,25,79.09,MINER_5y_daily_OOS_OK,"SMA20=Close.rolling(20).mean(), SMA50=rolling(50).mean(), EMA9/20/50=ewm(span,adjust=False), RSI14=Wilder alpha=1/14 adjust=False, Range=(High-Low)/Close, Ret=pct_change, 2Red=2 consecutive down candles",0.02% RT (0 commission + SEC/FINRA + exchange + slippage 0.01%),25% short-term capital gains,,MINED_VECTORIZED_2026-08_OOS_OK
72,SPY,US,1d_5y,RSI>50+SMA20<SMA50,LONG,63.64,176,108.12,0.02,104.6,25,78.45,MINER_5y_daily_OOS_OK,"SMA20=Close.rolling(20).mean(), SMA50=rolling(50).mean(), EMA9/20/50=ewm(span,adjust=False), RSI14=Wilder alpha=1/14 adjust=False, Range=(High-Low)/Close, Ret=pct_change, 2Red=2 consecutive down candles",0.02% RT (0 commission + SEC/FINRA + exchange + slippage 0.01%),25% short-term capital gains,,MINED_VECTORIZED_2026-08_OOS_OK
73,SPY,US,1d_5y,Price>EMA50+SMA20<SMA50,LONG,66.45,155,106.42,0.02,103.32,25,77.49,MINER_5y_daily_OOS_OK,"SMA20=Close.rolling(20).mean(), SMA50=rolling(50).mean(), EMA9/20/50=ewm(span,adjust=False), RSI14=Wilder alpha=1/14 adjust=False, Range=(High-Low)/Close, Ret=pct_change, 2Red=2 consecutive down candles",0.02% RT (0 commission + SEC/FINRA + exchange + slippage 0.01%),25% short-term capital gains,,MINED_VECTORIZED_2026-08_OOS_OK
4,Russell1000,US,1d_5y,RSI>50+SMA20<SMA50,LONG,60.22,181,106.38,0.02,102.76,25,77.07,MINER_5y_daily_OOS_OK,"SMA20=Close.rolling(20).mean(), SMA50=rolling(50).mean(), EMA9/20/50=ewm(span,adjust=False), RSI14=Wilder alpha=1/14 adjust=False, Range=(High-Low)/Close, Ret=pct_change, 2Red=2 consecutive down candles",0.02% RT (0 commission + SEC/FINRA + exchange + slippage 0.01%),25% short-term capital gains,,MINED_VECTORIZED_2026-08_OOS_OK
5,XLK,US,1d_5y,EMA20<EMA50+Price>SMA20,LONG,55.24,143,105.43,0.02,102.57,25,76.93,MINER_5y_daily_OOS_OK,"SMA20=Close.rolling(20).mean(), SMA50=rolling(50).mean(), EMA9/20/50=ewm(span,adjust=False), RSI14=Wilder alpha=1/14 adjust=False, Range=(High-Low)/Close, Ret=pct_change, 2Red=2 consecutive down candles",0.02% RT (0 commission + SEC/FINRA + exchange + slippage 0.01%),25% short-term capital gains,,MINED_VECTORIZED_2026-08_OOS_OK
60,QQQ,US,1d_5y,Price>EMA20+SMA20<SMA50,LONG,55.11,176,104.16,0.02,100.64,25,75.48,MINER_5y_daily_OOS_OK,"SMA20=Close.rolling(20).mean(), SMA50=rolling(50).mean(), EMA9/20/50=ewm(span,adjust=False), RSI14=Wilder alpha=1/14 adjust=False, Range=(High-Low)/Close, Ret=pct_change, 2Red=2 consecutive down candles",0.02% RT (0 commission + SEC/FINRA + exchange + slippage 0.01%),25% short-term capital gains,,MINED_VECTORIZED_2026-08_OOS_OK
51,SPY,US,1d_5y,RSI>50+SMA20<SMA50,LONG,62.43,173,102.74,0.02,99.28,25,74.46,MINER_5y_daily_OOS_OK,"SMA20=Close.rolling(20).mean(), SMA50=rolling(50).mean(), EMA9/20/50=ewm(span,adjust=False), RSI14=Wilder alpha=1/14 adjust=False, Range=(High-Low)/Close, Ret=pct_change, 2Red=2 consecutive down candles",0.02% RT (0 commission + SEC/FINRA + exchange + slippage 0.01%),25% short-term capital gains,,MINED_VECTORIZED_2026-08_OOS_OK
1,XLP,US,1d_5y,EMA20<EMA50+Price>SMA20,LONG,64.53,203,102.16,0.02,98.1,25,73.58,MINER_5y_daily_OOS_OK,"SMA20=Close.rolling(20).mean(), SMA50=rolling(50).mean(), EMA9/20/50=ewm(span,adjust=False), RSI14=Wilder alpha=1/14 adjust=False, Range=(High-Low)/Close, Ret=pct_change, 2Red=2 consecutive down candles",0.02% RT (0 commission + SEC/FINRA + exchange + slippage 0.01%),25% short-term capital gains,,MINED_VECTORIZED_2026-08_OOS_OK
52,SPY,US,1d_5y,Price>SMA50+SMA20<SMA50,LONG,66.42,134,100.19,0.02,97.51,25,73.14,MINER_5y_daily_OOS_OK,"SMA20=Close.rolling(20).mean(), SMA50=rolling(50).mean(), EMA9/20/50=ewm(span,adjust=False), RSI14=Wilder alpha=1/14 adjust=False, Range=(High-Low)/Close, Ret=pct_change, 2Red=2 consecutive down candles",0.02% RT (0 commission + SEC/FINRA + exchange + slippage 0.01%),25% short-term capital gains,,MINED_VECTORIZED_2026-08_OOS_OK
74,DIA,US,1d_5y,EMA20<EMA50+Price>SMA20,LONG,66.92,133,98.83,0.02,96.17,25,72.13,MINER_5y_daily_OOS_OK,"SMA20=Close.rolling(20).mean(), SMA50=rolling(50).mean(), EMA9/20/50=ewm(span,adjust=False), RSI14=Wilder alpha=1/14 adjust=False, Range=(High-Low)/Close, Ret=pct_change, 2Red=2 consecutive down candles",0.02% RT (0 commission + SEC/FINRA + exchange + slippage 0.01%),25% short-term capital gains,,MINED_VECTORIZED_2026-08_OOS_OK
5,Russell1000,US,1d_5y,Price>EMA50+SMA20<SMA50,LONG,61.73,162,98.95,0.02,95.71,25,71.78,MINER_5y_daily_OOS_OK,"SMA20=Close.rolling(20).mean(), SMA50=rolling(50).mean(), EMA9/20/50=ewm(span,adjust=False), RSI14=Wilder alpha=1/14 adjust=False, Range=(High-Low)/Close, Ret=pct_change, 2Red=2 consecutive down candles",0.02% RT (0 commission + SEC/FINRA + exchange + slippage 0.01%),25% short-term capital gains,,MINED_VECTORIZED_2026-08_OOS_OK
64,QQQ,US,1d_5y,Price>EMA20+SMA20<SMA50,LONG,54.29,175,98.64,0.02,95.14,25,71.36,MINER_5y_daily_OOS_OK,"SMA20=Close.rolling(20).mean(), SMA50=rolling(50).mean(), EMA9/20/50=ewm(span,adjust=False), RSI14=Wilder alpha=1/14 adjust=False, Range=(High-Low)/Close, Ret=pct_change, 2Red=2 consecutive down candles",0.02% RT (0 commission + SEC/FINRA + exchange + slippage 0.01%),25% short-term capital gains,,MINED_VECTORIZED_2026-08_OOS_OK
61,QQQ,US,1d_5y,Price>EMA9+SMA20<SMA50,LONG,51.17,213,99.19,0.02,94.93,25,71.2,MINER_5y_daily_OOS_OK,"SMA20=Close.rolling(20).mean(), SMA50=rolling(50).mean(), EMA9/20/50=ewm(span,adjust=False), RSI14=Wilder alpha=1/14 adjust=False, Range=(High-Low)/Close, Ret=pct_change, 2Red=2 consecutive down candles",0.02% RT (0 commission + SEC/FINRA + exchange + slippage 0.01%),25% short-term capital gains,,MINED_VECTORIZED_2026-08_OOS_OK
62,QQQ,US,1d_5y,RSI>50+SMA20<SMA50,LONG,56.33,158,97.54,0.02,94.38,25,70.79,MINER_5y_daily_OOS_OK,"SMA20=Close.rolling(20).mean(), SMA50=rolling(50).mean(), EMA9/20/50=ewm(span,adjust=False), RSI14=Wilder alpha=1/14 adjust=False, Range=(High-Low)/Close, Ret=pct_change, 2Red=2 consecutive down candles",0.02% RT (0 commission + SEC/FINRA + exchange + slippage 0.01%),25% short-term capital gains,,MINED_VECTORIZED_2026-08_OOS_OK
65,QQQ,US,1d_5y,Price>EMA9+SMA20<SMA50,LONG,50.7,213,97.97,0.02,93.71,25,70.28,MINER_5y_daily_OOS_OK,"SMA20=Close.rolling(20).mean(), SMA50=rolling(50).mean(), EMA9/20/50=ewm(span,adjust=False), RSI14=Wilder alpha=1/14 adjust=False, Range=(High-Low)/Close, Ret=pct_change, 2Red=2 consecutive down candles",0.02% RT (0 commission + SEC/FINRA + exchange + slippage 0.01%),25% short-term capital gains,,MINED_VECTORIZED_2026-08_OOS_OK
66,QQQ,US,1d_5y,RSI>50+SMA20<SMA50,LONG,55.7,158,96.0,0.02,92.84,25,69.63,MINER_5y_daily_OOS_OK,"SMA20=Close.rolling(20).mean(), SMA50=rolling(50).mean(), EMA9/20/50=ewm(span,adjust=False), RSI14=Wilder alpha=1/14 adjust=False, Range=(High-Low)/Close, Ret=pct_change, 2Red=2 consecutive down candles",0.02% RT (0 commission + SEC/FINRA + exchange + slippage 0.01%),25% short-term capital gains,,MINED_VECTORIZED_2026-08_OOS_OK
1,XLI,US,1d_5y,EMA20<EMA50+Price>SMA20,LONG,62.5,136,93.99,0.02,91.27,25,68.45,MINER_5y_daily_OOS_OK,"SMA20=Close.rolling(20).mean(), SMA50=rolling(50).mean(), EMA9/20/50=ewm(span,adjust=False), RSI14=Wilder alpha=1/14 adjust=False, Range=(High-Low)/Close, Ret=pct_change, 2Red=2 consecutive down candles",0.02% RT (0 commission + SEC/FINRA + exchange + slippage 0.01%),25% short-term capital gains,,MINED_VECTORIZED_2026-08_OOS_OK
75,DIA,US,1d_5y,Price>SMA20+SMA20<SMA50,LONG,61.95,205,94.68,0.02,90.58,25,67.93,MINER_5y_daily_OOS_OK,"SMA20=Close.rolling(20).mean(), SMA50=rolling(50).mean(), EMA9/20/50=ewm(span,adjust=False), RSI14=Wilder alpha=1/14 adjust=False, Range=(High-Low)/Close, Ret=pct_change, 2Red=2 consecutive down candles",0.02% RT (0 commission + SEC/FINRA + exchange + slippage 0.01%),25% short-term capital gains,,MINED_VECTORIZED_2026-08_OOS_OK
1,XLRE,US,1d_5y,EMA9<EMA50+Price>SMA20,LONG,53.37,193,93.19,0.02,89.33,25,67.0,MINER_5y_daily_OOS_OK,"SMA20=Close.rolling(20).mean(), SMA50=rolling(50).mean(), EMA9/20/50=ewm(span,adjust=False), RSI14=Wilder alpha=1/14 adjust=False, Range=(High-Low)/Close, Ret=pct_change, 2Red=2 consecutive down candles",0.02% RT (0 commission + SEC/FINRA + exchange + slippage 0.01%),25% short-term capital gains,,MINED_VECTORIZED_2026-08_OOS_OK
77,DIA,US,1d_5y,EMA20<EMA50+RSI>50,LONG,69.03,113,89.58,0.02,87.32,25,65.49,MINER_5y_daily_OOS_OK,"SMA20=Close.rolling(20).mean(), SMA50=rolling(50).mean(), EMA9/20/50=ewm(span,adjust=False), RSI14=Wilder alpha=1/14 adjust=False, Range=(High-Low)/Close, Ret=pct_change, 2Red=2 consecutive down candles",0.02% RT (0 commission + SEC/FINRA + exchange + slippage 0.01%),25% short-term capital gains,,MINED_VECTORIZED_2026-08_OOS_OK
2,XLRE,US,1d_5y,EMA20<EMA50+Price>SMA20,LONG,52.92,240,91.73,0.02,86.93,25,65.2,MINER_5y_daily_OOS_OK,"SMA20=Close.rolling(20).mean(), SMA50=rolling(50).mean(), EMA9/20/50=ewm(span,adjust=False), RSI14=Wilder alpha=1/14 adjust=False, Range=(High-Low)/Close, Ret=pct_change, 2Red=2 consecutive down candles",0.02% RT (0 commission + SEC/FINRA + exchange + slippage 0.01%),25% short-term capital gains,,MINED_VECTORIZED_2026-08_OOS_OK
63,QQQ,US,1d_5y,2Red+EMA20>EMA50+Price>SMA50,LONG,60.17,118,89.06,0.02,86.7,25,65.03,MINER_5y_daily_OOS_OK,"SMA20=Close.rolling(20).mean(), SMA50=rolling(50).mean(), EMA9/20/50=ewm(span,adjust=False), RSI14=Wilder alpha=1/14 adjust=False, Range=(High-Low)/Close, Ret=pct_change, 2Red=2 consecutive down candles",0.02% RT (0 commission + SEC/FINRA + exchange + slippage 0.01%),25% short-term capital gains,,MINED_VECTORIZED_2026-08_OOS_OK
64,QQQ,US,1d_5y,Price>SMA50+SMA20<SMA50,LONG,60.0,115,87.95,0.02,85.65,25,64.23,MINER_5y_daily_OOS_OK,"SMA20=Close.rolling(20).mean(), SMA50=rolling(50).mean(), EMA9/20/50=ewm(span,adjust=False), RSI14=Wilder alpha=1/14 adjust=False, Range=(High-Low)/Close, Ret=pct_change, 2Red=2 consecutive down candles",0.02% RT (0 commission + SEC/FINRA + exchange + slippage 0.01%),25% short-term capital gains,,MINED_VECTORIZED_2026-08_OOS_OK
67,QQQ,US,1d_5y,2Red+EMA20>EMA50+Price>SMA50,LONG,58.73,126,87.65,0.02,85.13,25,63.85,MINER_5y_daily_OOS_OK,"SMA20=Close.rolling(20).mean(), SMA50=rolling(50).mean(), EMA9/20/50=ewm(span,adjust=False), RSI14=Wilder alpha=1/14 adjust=False, Range=(High-Low)/Close, Ret=pct_change, 2Red=2 consecutive down candles",0.02% RT (0 commission + SEC/FINRA + exchange + slippage 0.01%),25% short-term capital gains,,MINED_VECTORIZED_2026-08_OOS_OK
68,QQQ,US,1d_5y,Price>SMA50+SMA20<SMA50,LONG,57.63,118,84.24,0.02,81.88,25,61.41,MINER_5y_daily_OOS_OK,"SMA20=Close.rolling(20).mean(), SMA50=rolling(50).mean(), EMA9/20/50=ewm(span,adjust=False), RSI14=Wilder alpha=1/14 adjust=False, Range=(High-Low)/Close, Ret=pct_change, 2Red=2 consecutive down candles",0.02% RT (0 commission + SEC/FINRA + exchange + slippage 0.01%),25% short-term capital gains,,MINED_VECTORIZED_2026-08_OOS_OK
3,XLRE,US,1d_5y,EMA20<EMA50+RSI>50,LONG,55.61,187,84.35,0.02,80.61,25,60.46,MINER_5y_daily_OOS_OK,"SMA20=Close.rolling(20).mean(), SMA50=rolling(50).mean(), EMA9/20/50=ewm(span,adjust=False), RSI14=Wilder alpha=1/14 adjust=False, Range=(High-Low)/Close, Ret=pct_change, 2Red=2 consecutive down candles",0.02% RT (0 commission + SEC/FINRA + exchange + slippage 0.01%),25% short-term capital gains,,MINED_VECTORIZED_2026-08_OOS_OK
4,XLRE,US,1d_5y,EMA9<EMA50+RSI>50,LONG,57.14,140,80.47,0.02,77.67,25,58.26,MINER_5y_daily_OOS_OK,"SMA20=Close.rolling(20).mean(), SMA50=rolling(50).mean(), EMA9/20/50=ewm(span,adjust=False), RSI14=Wilder alpha=1/14 adjust=False, Range=(High-Low)/Close, Ret=pct_change, 2Red=2 consecutive down candles",0.02% RT (0 commission + SEC/FINRA + exchange + slippage 0.01%),25% short-term capital gains,,MINED_VECTORIZED_2026-08_OOS_OK
2,XLP,US,1d_5y,Price>SMA20+SMA20<SMA50,LONG,60.75,265,81.25,0.02,75.95,25,56.96,MINER_5y_daily_OOS_OK,"SMA20=Close.rolling(20).mean(), SMA50=rolling(50).mean(), EMA9/20/50=ewm(span,adjust=False), RSI14=Wilder alpha=1/14 adjust=False, Range=(High-Low)/Close, Ret=pct_change, 2Red=2 consecutive down candles",0.02% RT (0 commission + SEC/FINRA + exchange + slippage 0.01%),25% short-term capital gains,,MINED_VECTORIZED_2026-08_OOS_OK
2,XLI,US,1d_5y,Price>SMA20+SMA20<SMA50,LONG,55.61,223,78.88,0.02,74.42,25,55.82,MINER_5y_daily_OOS_OK,"SMA20=Close.rolling(20).mean(), SMA50=rolling(50).mean(), EMA9/20/50=ewm(span,adjust=False), RSI14=Wilder alpha=1/14 adjust=False, Range=(High-Low)/Close, Ret=pct_change, 2Red=2 consecutive down candles",0.02% RT (0 commission + SEC/FINRA + exchange + slippage 0.01%),25% short-term capital gains,,MINED_VECTORIZED_2026-08_OOS_OK
3,XLP,US,1d_5y,EMA20<EMA50+Price>EMA20,LONG,61.41,184,77.79,0.02,74.11,25,55.58,MINER_5y_daily_OOS_OK,"SMA20=Close.rolling(20).mean(), SMA50=rolling(50).mean(), EMA9/20/50=ewm(span,adjust=False), RSI14=Wilder alpha=1/14 adjust=False, Range=(High-Low)/Close, Ret=pct_change, 2Red=2 consecutive down candles",0.02% RT (0 commission + SEC/FINRA + exchange + slippage 0.01%),25% short-term capital gains,,MINED_VECTORIZED_2026-08_OOS_OK
5,XLRE,US,1d_5y,EMA20<EMA50+EMA9>EMA20,LONG,56.55,145,76.2,0.02,73.3,25,54.98,MINER_5y_daily_OOS_OK,"SMA20=Close.rolling(20).mean(), SMA50=rolling(50).mean(), EMA9/20/50=ewm(span,adjust=False), RSI14=Wilder alpha=1/14 adjust=False, Range=(High-Low)/Close, Ret=pct_change, 2Red=2 consecutive down candles",0.02% RT (0 commission + SEC/FINRA + exchange + slippage 0.01%),25% short-term capital gains,,MINED_VECTORIZED_2026-08_OOS_OK
3,XLI,US,1d_5y,EMA20<EMA50+RSI>50,LONG,63.96,111,75.1,0.02,72.88,25,54.66,MINER_5y_daily_OOS_OK,"SMA20=Close.rolling(20).mean(), SMA50=rolling(50).mean(), EMA9/20/50=ewm(span,adjust=False), RSI14=Wilder alpha=1/14 adjust=False, Range=(High-Low)/Close, Ret=pct_change, 2Red=2 consecutive down candles",0.02% RT (0 commission + SEC/FINRA + exchange + slippage 0.01%),25% short-term capital gains,,MINED_VECTORIZED_2026-08_OOS_OK
4,XLP,US,1d_5y,EMA20<EMA50+Range<1%,LONG,61.78,225,75.02,0.02,70.52,25,52.89,MINER_5y_daily_OOS_OK,"SMA20=Close.rolling(20).mean(), SMA50=rolling(50).mean(), EMA9/20/50=ewm(span,adjust=False), RSI14=Wilder alpha=1/14 adjust=False, Range=(High-Low)/Close, Ret=pct_change, 2Red=2 consecutive down candles",0.02% RT (0 commission + SEC/FINRA + exchange + slippage 0.01%),25% short-term capital gains,,MINED_VECTORIZED_2026-08_OOS_OK
5,XLI,US,1d_5y,EMA20<EMA50+Price>EMA20,LONG,60.77,130,71.62,0.02,69.02,25,51.77,MINER_5y_daily_OOS_OK,"SMA20=Close.rolling(20).mean(), SMA50=rolling(50).mean(), EMA9/20/50=ewm(span,adjust=False), RSI14=Wilder alpha=1/14 adjust=False, Range=(High-Low)/Close, Ret=pct_change, 2Red=2 consecutive down candles",0.02% RT (0 commission + SEC/FINRA + exchange + slippage 0.01%),25% short-term capital gains,,MINED_VECTORIZED_2026-08_OOS_OK
2,XLC,US,1d_5y,Price>EMA20+Range<1%,LONG,53.23,310,75.22,0.02,69.02,25,51.76,MINER_5y_daily_OOS_OK,"SMA20=Close.rolling(20).mean(), SMA50=rolling(50).mean(), EMA9/20/50=ewm(span,adjust=False), RSI14=Wilder alpha=1/14 adjust=False, Range=(High-Low)/Close, Ret=pct_change, 2Red=2 consecutive down candles",0.02% RT (0 commission + SEC/FINRA + exchange + slippage 0.01%),25% short-term capital gains,,MINED_VECTORIZED_2026-08_OOS_OK
3,XLC,US,1d_5y,Price>EMA9+Range<1%,LONG,53.98,289,74.7,0.02,68.92,25,51.69,MINER_5y_daily_OOS_OK,"SMA20=Close.rolling(20).mean(), SMA50=rolling(50).mean(), EMA9/20/50=ewm(span,adjust=False), RSI14=Wilder alpha=1/14 adjust=False, Range=(High-Low)/Close, Ret=pct_change, 2Red=2 consecutive down candles",0.02% RT (0 commission + SEC/FINRA + exchange + slippage 0.01%),25% short-term capital gains,,MINED_VECTORIZED_2026-08_OOS_OK
5,XLP,US,1d_5y,Range<1%+SMA20<EMA20,LONG,58.26,321,73.89,0.02,67.47,25,50.6,MINER_5y_daily_OOS_OK,"SMA20=Close.rolling(20).mean(), SMA50=rolling(50).mean(), EMA9/20/50=ewm(span,adjust=False), RSI14=Wilder alpha=1/14 adjust=False, Range=(High-Low)/Close, Ret=pct_change, 2Red=2 consecutive down candles",0.02% RT (0 commission + SEC/FINRA + exchange + slippage 0.01%),25% short-term capital gains,,MINED_VECTORIZED_2026-08_OOS_OK
4,XLC,US,1d_5y,Price>SMA20+Range<1%,LONG,53.87,297,71.7,0.02,65.76,25,49.32,MINER_5y_daily_OOS_OK,"SMA20=Close.rolling(20).mean(), SMA50=rolling(50).mean(), EMA9/20/50=ewm(span,adjust=False), RSI14=Wilder alpha=1/14 adjust=False, Range=(High-Low)/Close, Ret=pct_change, 2Red=2 consecutive down candles",0.02% RT (0 commission + SEC/FINRA + exchange + slippage 0.01%),25% short-term capital gains,,MINED_VECTORIZED_2026-08_OOS_OK
1,XLU,US,1d_5y,Price>SMA20+SMA20<SMA50,LONG,53.33,285,70.7,0.02,65.0,25,48.75,MINER_5y_daily_OOS_OK,"SMA20=Close.rolling(20).mean(), SMA50=rolling(50).mean(), EMA9/20/50=ewm(span,adjust=False), RSI14=Wilder alpha=1/14 adjust=False, Range=(High-Low)/Close, Ret=pct_change, 2Red=2 consecutive down candles",0.02% RT (0 commission + SEC/FINRA + exchange + slippage 0.01%),25% short-term capital gains,,MINED_VECTORIZED_2026-08_OOS_OK
1,IJH,US,1d_5y,EMA20<EMA50+Price>EMA50,LONG,66.67,81,66.03,0.02,64.41,25,48.31,MINER_5y_daily_OOS_OK,"SMA20=Close.rolling(20).mean(), SMA50=rolling(50).mean(), EMA9/20/50=ewm(span,adjust=False), RSI14=Wilder alpha=1/14 adjust=False, Range=(High-Low)/Close, Ret=pct_change, 2Red=2 consecutive down candles",0.02% RT (0 commission + SEC/FINRA + exchange + slippage 0.01%),25% short-term capital gains,,MINED_VECTORIZED_2026-08_OOS_OK
2,IJH,US,1d_5y,EMA20<EMA50+Price>SMA50,LONG,70.42,71,64.66,0.02,63.24,25,47.43,MINER_5y_daily_OOS_OK,"SMA20=Close.rolling(20).mean(), SMA50=rolling(50).mean(), EMA9/20/50=ewm(span,adjust=False), RSI14=Wilder alpha=1/14 adjust=False, Range=(High-Low)/Close, Ret=pct_change, 2Red=2 consecutive down candles",0.02% RT (0 commission + SEC/FINRA + exchange + slippage 0.01%),25% short-term capital gains,,MINED_VECTORIZED_2026-08_OOS_OK
1,IWM,US,1d_5y,Price>SMA20+SMA20<SMA50,LONG,49.57,234,67.26,0.02,62.58,25,46.93,MINER_5y_daily_OOS_OK,"SMA20=Close.rolling(20).mean(), SMA50=rolling(50).mean(), EMA9/20/50=ewm(span,adjust=False), RSI14=Wilder alpha=1/14 adjust=False, Range=(High-Low)/Close, Ret=pct_change, 2Red=2 consecutive down candles",0.02% RT (0 commission + SEC/FINRA + exchange + slippage 0.01%),25% short-term capital gains,,MINED_VECTORIZED_2026-08_OOS_OK
2,IWM,US,1d_5y,Price>SMA50+SMA20<SMA50,LONG,57.14,119,64.26,0.02,61.88,25,46.41,MINER_5y_daily_OOS_OK,"SMA20=Close.rolling(20).mean(), SMA50=rolling(50).mean(), EMA9/20/50=ewm(span,adjust=False), RSI14=Wilder alpha=1/14 adjust=False, Range=(High-Low)/Close, Ret=pct_change, 2Red=2 consecutive down candles",0.02% RT (0 commission + SEC/FINRA + exchange + slippage 0.01%),25% short-term capital gains,,MINED_VECTORIZED_2026-08_OOS_OK
1,XLY,US,1d_5y,EMA9<EMA50+RSI>50,LONG,58.65,104,62.07,0.02,59.99,25,44.99,MINER_5y_daily_OOS_OK,"SMA20=Close.rolling(20).mean(), SMA50=rolling(50).mean(), EMA9/20/50=ewm(span,adjust=False), RSI14=Wilder alpha=1/14 adjust=False, Range=(High-Low)/Close, Ret=pct_change, 2Red=2 consecutive down candles",0.02% RT (0 commission + SEC/FINRA + exchange + slippage 0.01%),25% short-term capital gains,,MINED_VECTORIZED_2026-08_OOS_OK
3,IJH,US,1d_5y,Price>SMA50+SMA20<SMA50,LONG,58.82,136,61.25,0.02,58.53,25,43.89,MINER_5y_daily_OOS_OK,"SMA20=Close.rolling(20).mean(), SMA50=rolling(50).mean(), EMA9/20/50=ewm(span,adjust=False), RSI14=Wilder alpha=1/14 adjust=False, Range=(High-Low)/Close, Ret=pct_change, 2Red=2 consecutive down candles",0.02% RT (0 commission + SEC/FINRA + exchange + slippage 0.01%),25% short-term capital gains,,MINED_VECTORIZED_2026-08_OOS_OK
3,IWM,US,1d_5y,Price>EMA9+SMA20<SMA50,LONG,48.47,262,63.49,0.02,58.25,25,43.68,MINER_5y_daily_OOS_OK,"SMA20=Close.rolling(20).mean(), SMA50=rolling(50).mean(), EMA9/20/50=ewm(span,adjust=False), RSI14=Wilder alpha=1/14 adjust=False, Range=(High-Low)/Close, Ret=pct_change, 2Red=2 consecutive down candles",0.02% RT (0 commission + SEC/FINRA + exchange + slippage 0.01%),25% short-term capital gains,,MINED_VECTORIZED_2026-08_OOS_OK
4,IJH,US,1d_5y,EMA20<EMA50+EMA9>EMA20,LONG,63.51,74,58.79,0.02,57.31,25,42.98,MINER_5y_daily_OOS_OK,"SMA20=Close.rolling(20).mean(), SMA50=rolling(50).mean(), EMA9/20/50=ewm(span,adjust=False), RSI14=Wilder alpha=1/14 adjust=False, Range=(High-Low)/Close, Ret=pct_change, 2Red=2 consecutive down candles",0.02% RT (0 commission + SEC/FINRA + exchange + slippage 0.01%),25% short-term capital gains,,MINED_VECTORIZED_2026-08_OOS_OK
1,XLB,US,1d_5y,EMA20<EMA50+EMA9>EMA20,LONG,55.93,118,58.26,0.02,55.9,25,41.92,MINER_5y_daily_OOS_OK,"SMA20=Close.rolling(20).mean(), SMA50=rolling(50).mean(), EMA9/20/50=ewm(span,adjust=False), RSI14=Wilder alpha=1/14 adjust=False, Range=(High-Low)/Close, Ret=pct_change, 2Red=2 consecutive down candles",0.02% RT (0 commission + SEC/FINRA + exchange + slippage 0.01%),25% short-term capital gains,,MINED_VECTORIZED_2026-08_OOS_OK
4,IWM,US,1d_5y,Price>EMA20+SMA20<SMA50,LONG,49.53,214,59.77,0.02,55.49,25,41.62,MINER_5y_daily_OOS_OK,"SMA20=Close.rolling(20).mean(), SMA50=rolling(50).mean(), EMA9/20/50=ewm(span,adjust=False), RSI14=Wilder alpha=1/14 adjust=False, Range=(High-Low)/Close, Ret=pct_change, 2Red=2 consecutive down candles",0.02% RT (0 commission + SEC/FINRA + exchange + slippage 0.01%),25% short-term capital gains,,MINED_VECTORIZED_2026-08_OOS_OK
5,IJH,US,1d_5y,EMA20<EMA50+Price>EMA20,LONG,54.48,145,58.16,0.02,55.26,25,41.45,MINER_5y_daily_OOS_OK,"SMA20=Close.rolling(20).mean(), SMA50=rolling(50).mean(), EMA9/20/50=ewm(span,adjust=False), RSI14=Wilder alpha=1/14 adjust=False, Range=(High-Low)/Close, Ret=pct_change, 2Red=2 consecutive down candles",0.02% RT (0 commission + SEC/FINRA + exchange + slippage 0.01%),25% short-term capital gains,,MINED_VECTORIZED_2026-08_OOS_OK
2,XLU,US,1d_5y,EMA20<EMA50+EMA9>EMA20,LONG,57.89,133,57.51,0.02,54.85,25,41.14,MINER_5y_daily_OOS_OK,"SMA20=Close.rolling(20).mean(), SMA50=rolling(50).mean(), EMA9/20/50=ewm(span,adjust=False), RSI14=Wilder alpha=1/14 adjust=False, Range=(High-Low)/Close, Ret=pct_change, 2Red=2 consecutive down candles",0.02% RT (0 commission + SEC/FINRA + exchange + slippage 0.01%),25% short-term capital gains,,MINED_VECTORIZED_2026-08_OOS_OK
3,XLU,US,1d_5y,EMA20<EMA50+Price>SMA20,LONG,52.4,208,58.76,0.02,54.6,25,40.95,MINER_5y_daily_OOS_OK,"SMA20=Close.rolling(20).mean(), SMA50=rolling(50).mean(), EMA9/20/50=ewm(span,adjust=False), RSI14=Wilder alpha=1/14 adjust=False, Range=(High-Low)/Close, Ret=pct_change, 2Red=2 consecutive down candles",0.02% RT (0 commission + SEC/FINRA + exchange + slippage 0.01%),25% short-term capital gains,,MINED_VECTORIZED_2026-08_OOS_OK
4,XLU,US,1d_5y,EMA9>EMA20+SMA20<SMA50,LONG,54.73,201,56.45,0.02,52.43,25,39.33,MINER_5y_daily_OOS_OK,"SMA20=Close.rolling(20).mean(), SMA50=rolling(50).mean(), EMA9/20/50=ewm(span,adjust=False), RSI14=Wilder alpha=1/14 adjust=False, Range=(High-Low)/Close, Ret=pct_change, 2Red=2 consecutive down candles",0.02% RT (0 commission + SEC/FINRA + exchange + slippage 0.01%),25% short-term capital gains,,MINED_VECTORIZED_2026-08_OOS_OK
1,TRX,Crypto,1d_5y,EMA9>EMA20+Price>SMA50+Range<1%,LONG,66.67,78,75.26,0.3,51.86,25,38.89,MINER_5y_daily_OOS_OK,"SMA20=Close.rolling(20).mean(), SMA50=rolling(50).mean(), EMA9/20/50=ewm(span,adjust=False), RSI14=Wilder alpha=1/14 adjust=False, Range=(High-Low)/Close, Ret=pct_change, 2Red=2 consecutive down candles",0.30% RT (Binance 0.1% per side + slippage 0.05% per side),25% short-term capital gains,,MINED_VECTORIZED_2026-08_OOS_OK
2,TRX,Crypto,1d_5y,Price>SMA50+Range<1%,LONG,66.28,86,77.55,0.3,51.75,25,38.81,MINER_5y_daily_OOS_OK,"SMA20=Close.rolling(20).mean(), SMA50=rolling(50).mean(), EMA9/20/50=ewm(span,adjust=False), RSI14=Wilder alpha=1/14 adjust=False, Range=(High-Low)/Close, Ret=pct_change, 2Red=2 consecutive down candles",0.30% RT (Binance 0.1% per side + slippage 0.05% per side),25% short-term capital gains,,MINED_VECTORIZED_2026-08_OOS_OK
5,IWM,US,1d_5y,RSI>50+SMA20<SMA50,LONG,50.27,187,55.03,0.02,51.29,25,38.47,MINER_5y_daily_OOS_OK,"SMA20=Close.rolling(20).mean(), SMA50=rolling(50).mean(), EMA9/20/50=ewm(span,adjust=False), RSI14=Wilder alpha=1/14 adjust=False, Range=(High-Low)/Close, Ret=pct_change, 2Red=2 consecutive down candles",0.02% RT (0 commission + SEC/FINRA + exchange + slippage 0.01%),25% short-term capital gains,,MINED_VECTORIZED_2026-08_OOS_OK
2,XLY,US,1d_5y,EMA20<EMA50+RSI>50,LONG,55.17,145,53.19,0.02,50.29,25,37.72,MINER_5y_daily_OOS_OK,"SMA20=Close.rolling(20).mean(), SMA50=rolling(50).mean(), EMA9/20/50=ewm(span,adjust=False), RSI14=Wilder alpha=1/14 adjust=False, Range=(High-Low)/Close, Ret=pct_change, 2Red=2 consecutive down candles",0.02% RT (0 commission + SEC/FINRA + exchange + slippage 0.01%),25% short-term capital gains,,MINED_VECTORIZED_2026-08_OOS_OK
3,TRX,Crypto,1d_5y,EMA9>EMA20+Range<1%,LONG,65.56,90,76.63,0.3,49.63,25,37.22,MINER_5y_daily_OOS_OK,"SMA20=Close.rolling(20).mean(), SMA50=rolling(50).mean(), EMA9/20/50=ewm(span,adjust=False), RSI14=Wilder alpha=1/14 adjust=False, Range=(High-Low)/Close, Ret=pct_change, 2Red=2 consecutive down candles",0.30% RT (Binance 0.1% per side + slippage 0.05% per side),25% short-term capital gains,,MINED_VECTORIZED_2026-08_OOS_OK
4,TRX,Crypto,1d_5y,EMA9>EMA20+Price>EMA50+Range<1%,LONG,65.38,78,71.6,0.3,48.2,25,36.15,MINER_5y_daily_OOS_OK,"SMA20=Close.rolling(20).mean(), SMA50=rolling(50).mean(), EMA9/20/50=ewm(span,adjust=False), RSI14=Wilder alpha=1/14 adjust=False, Range=(High-Low)/Close, Ret=pct_change, 2Red=2 consecutive down candles",0.30% RT (Binance 0.1% per side + slippage 0.05% per side),25% short-term capital gains,,MINED_VECTORIZED_2026-08_OOS_OK
5,TRX,Crypto,1d_5y,EMA9>EMA50+Range<1%,LONG,64.56,79,70.3,0.3,46.6,25,34.95,MINER_5y_daily_OOS_OK,"SMA20=Close.rolling(20).mean(), SMA50=rolling(50).mean(), EMA9/20/50=ewm(span,adjust=False), RSI14=Wilder alpha=1/14 adjust=False, Range=(High-Low)/Close, Ret=pct_change, 2Red=2 consecutive down candles",0.30% RT (Binance 0.1% per side + slippage 0.05% per side),25% short-term capital gains,,MINED_VECTORIZED_2026-08_OOS_OK
5,XLU,US,1d_5y,EMA9<EMA50+Price>SMA20,LONG,49.1,167,47.79,0.02,44.45,25,33.34,MINER_5y_daily_OOS_OK,"SMA20=Close.rolling(20).mean(), SMA50=rolling(50).mean(), EMA9/20/50=ewm(span,adjust=False), RSI14=Wilder alpha=1/14 adjust=False, Range=(High-Low)/Close, Ret=pct_change, 2Red=2 consecutive down candles",0.02% RT (0 commission + SEC/FINRA + exchange + slippage 0.01%),25% short-term capital gains,,MINED_VECTORIZED_2026-08_OOS_OK
1,XLV,US,1d_5y,EMA20<EMA50+Range<1%,LONG,53.75,160,42.45,0.02,39.25,25,29.44,MINER_5y_daily_OOS_OK,"SMA20=Close.rolling(20).mean(), SMA50=rolling(50).mean(), EMA9/20/50=ewm(span,adjust=False), RSI14=Wilder alpha=1/14 adjust=False, Range=(High-Low)/Close, Ret=pct_change, 2Red=2 consecutive down candles",0.02% RT (0 commission + SEC/FINRA + exchange + slippage 0.01%),25% short-term capital gains,,MINED_VECTORIZED_2026-08_OOS_OK
3,XLY,US,1d_5y,EMA9<EMA50+Price>EMA20,LONG,51.97,127,40.14,0.02,37.6,25,28.2,MINER_5y_daily_OOS_OK,"SMA20=Close.rolling(20).mean(), SMA50=rolling(50).mean(), EMA9/20/50=ewm(span,adjust=False), RSI14=Wilder alpha=1/14 adjust=False, Range=(High-Low)/Close, Ret=pct_change, 2Red=2 consecutive down candles",0.02% RT (0 commission + SEC/FINRA + exchange + slippage 0.01%),25% short-term capital gains,,MINED_VECTORIZED_2026-08_OOS_OK
2,XLV,US,1d_5y,EMA20<EMA50+EMA9>EMA20,LONG,54.55,121,36.64,0.02,34.22,25,25.66,MINER_5y_daily_OOS_OK,"SMA20=Close.rolling(20).mean(), SMA50=rolling(50).mean(), EMA9/20/50=ewm(span,adjust=False), RSI14=Wilder alpha=1/14 adjust=False, Range=(High-Low)/Close, Ret=pct_change, 2Red=2 consecutive down candles",0.02% RT (0 commission + SEC/FINRA + exchange + slippage 0.01%),25% short-term capital gains,,MINED_VECTORIZED_2026-08_OOS_OK
3,XLV,US,1d_5y,EMA20<EMA50+Price>SMA20,LONG,51.79,224,38.43,0.02,33.95,25,25.46,MINER_5y_daily_OOS_OK,"SMA20=Close.rolling(20).mean(), SMA50=rolling(50).mean(), EMA9/20/50=ewm(span,adjust=False), RSI14=Wilder alpha=1/14 adjust=False, Range=(High-Low)/Close, Ret=pct_change, 2Red=2 consecutive down candles",0.02% RT (0 commission + SEC/FINRA + exchange + slippage 0.01%),25% short-term capital gains,,MINED_VECTORIZED_2026-08_OOS_OK
4,XLY,US,1d_5y,EMA20<EMA50+Price>EMA20,LONG,50.9,167,33.26,0.02,29.92,25,22.44,MINER_5y_daily_OOS_OK,"SMA20=Close.rolling(20).mean(), SMA50=rolling(50).mean(), EMA9/20/50=ewm(span,adjust=False), RSI14=Wilder alpha=1/14 adjust=False, Range=(High-Low)/Close, Ret=pct_change, 2Red=2 consecutive down candles",0.02% RT (0 commission + SEC/FINRA + exchange + slippage 0.01%),25% short-term capital gains,,MINED_VECTORIZED_2026-08_OOS_OK
1,IBB,US,1d_5y,EMA9<EMA50+Price>EMA20,LONG,49.73,183,30.53,0.02,26.87,25,20.15,MINER_5y_daily_OOS_OK,"SMA20=Close.rolling(20).mean(), SMA50=rolling(50).mean(), EMA9/20/50=ewm(span,adjust=False), RSI14=Wilder alpha=1/14 adjust=False, Range=(High-Low)/Close, Ret=pct_change, 2Red=2 consecutive down candles",0.02% RT (0 commission + SEC/FINRA + exchange + slippage 0.01%),25% short-term capital gains,,MINED_VECTORIZED_2026-08_OOS_OK
1,KBE,US,1d_5y,EMA9<EMA50+Price>EMA20,LONG,49.73,183,30.53,0.02,26.87,25,20.15,MINER_5y_daily_OOS_OK,"SMA20=Close.rolling(20).mean(), SMA50=rolling(50).mean(), EMA9/20/50=ewm(span,adjust=False), RSI14=Wilder alpha=1/14 adjust=False, Range=(High-Low)/Close, Ret=pct_change, 2Red=2 consecutive down candles",0.02% RT (0 commission + SEC/FINRA + exchange + slippage 0.01%),25% short-term capital gains,,MINED_VECTORIZED_2026-08_OOS_OK
1,XLU,US,1d_5y,EMA9<EMA50+Price>EMA20,LONG,49.73,183,30.53,0.02,26.87,25,20.15,MINER_5y_daily_OOS_OK,"SMA20=Close.rolling(20).mean(), SMA50=rolling(50).mean(), EMA9/20/50=ewm(span,adjust=False), RSI14=Wilder alpha=1/14 adjust=False, Range=(High-Low)/Close, Ret=pct_change, 2Red=2 consecutive down candles",0.02% RT (0 commission + SEC/FINRA + exchange + slippage 0.01%),25% short-term capital gains,,MINED_VECTORIZED_2026-08_OOS_OK
4,XLV,US,1d_5y,EMA9>EMA20+Range<1%,LONG,52.32,302,29.89,0.02,23.85,25,17.89,MINER_5y_daily_OOS_OK,"SMA20=Close.rolling(20).mean(), SMA50=rolling(50).mean(), EMA9/20/50=ewm(span,adjust=False), RSI14=Wilder alpha=1/14 adjust=False, Range=(High-Low)/Close, Ret=pct_change, 2Red=2 consecutive down candles",0.02% RT (0 commission + SEC/FINRA + exchange + slippage 0.01%),25% short-term capital gains,,MINED_VECTORIZED_2026-08_OOS_OK
2,XLB,US,1d_5y,EMA9>EMA20+Price>SMA20+Range<1%,LONG,51.71,205,27.29,0.02,23.19,25,17.39,MINER_5y_daily_OOS_OK,"SMA20=Close.rolling(20).mean(), SMA50=rolling(50).mean(), EMA9/20/50=ewm(span,adjust=False), RSI14=Wilder alpha=1/14 adjust=False, Range=(High-Low)/Close, Ret=pct_change, 2Red=2 consecutive down candles",0.02% RT (0 commission + SEC/FINRA + exchange + slippage 0.01%),25% short-term capital gains,,MINED_VECTORIZED_2026-08_OOS_OK
1,XLE,US,1d_5y,Price>EMA9+Range<1%,LONG,50.0,38,21.98,0.02,21.22,25,15.91,MINER_5y_daily_OOS_OK,"SMA20=Close.rolling(20).mean(), SMA50=rolling(50).mean(), EMA9/20/50=ewm(span,adjust=False), RSI14=Wilder alpha=1/14 adjust=False, Range=(High-Low)/Close, Ret=pct_change, 2Red=2 consecutive down candles",0.02% RT (0 commission + SEC/FINRA + exchange + slippage 0.01%),25% short-term capital gains,,MINED_VECTORIZED_2026-08_OOS_OK
5,XLV,US,1d_5y,EMA20<EMA50+Price>EMA50,LONG,52.43,103,22.99,0.02,20.93,25,15.7,MINER_5y_daily_OOS_OK,"SMA20=Close.rolling(20).mean(), SMA50=rolling(50).mean(), EMA9/20/50=ewm(span,adjust=False), RSI14=Wilder alpha=1/14 adjust=False, Range=(High-Low)/Close, Ret=pct_change, 2Red=2 consecutive down candles",0.02% RT (0 commission + SEC/FINRA + exchange + slippage 0.01%),25% short-term capital gains,,MINED_VECTORIZED_2026-08_OOS_OK
2,XLE,US,1d_5y,Price>EMA20+Range<1%,LONG,45.45,44,19.92,0.02,19.04,25,14.28,MINER_5y_daily_OOS_OK,"SMA20=Close.rolling(20).mean(), SMA50=rolling(50).mean(), EMA9/20/50=ewm(span,adjust=False), RSI14=Wilder alpha=1/14 adjust=False, Range=(High-Low)/Close, Ret=pct_change, 2Red=2 consecutive down candles",0.02% RT (0 commission + SEC/FINRA + exchange + slippage 0.01%),25% short-term capital gains,,MINED_VECTORIZED_2026-08_OOS_OK
2,IBB,US,1d_5y,EMA9<EMA50+Price>SMA20,LONG,47.87,188,22.7,0.02,18.94,25,14.2,MINER_5y_daily_OOS_OK,"SMA20=Close.rolling(20).mean(), SMA50=rolling(50).mean(), EMA9/20/50=ewm(span,adjust=False), RSI14=Wilder alpha=1/14 adjust=False, Range=(High-Low)/Close, Ret=pct_change, 2Red=2 consecutive down candles",0.02% RT (0 commission + SEC/FINRA + exchange + slippage 0.01%),25% short-term capital gains,,MINED_VECTORIZED_2026-08_OOS_OK
2,XLU,US,1d_5y,EMA9<EMA50+Price>SMA20,LONG,47.87,188,22.7,0.02,18.94,25,14.2,MINER_5y_daily_OOS_OK,"SMA20=Close.rolling(20).mean(), SMA50=rolling(50).mean(), EMA9/20/50=ewm(span,adjust=False), RSI14=Wilder alpha=1/14 adjust=False, Range=(High-Low)/Close, Ret=pct_change, 2Red=2 consecutive down candles",0.02% RT (0 commission + SEC/FINRA + exchange + slippage 0.01%),25% short-term capital gains,,MINED_VECTORIZED_2026-08_OOS_OK
3,XLE,US,1d_5y,EMA9>EMA50+Range<1%,LONG,51.28,39,19.52,0.02,18.74,25,14.05,MINER_5y_daily_OOS_OK,"SMA20=Close.rolling(20).mean(), SMA50=rolling(50).mean(), EMA9/20/50=ewm(span,adjust=False), RSI14=Wilder alpha=1/14 adjust=False, Range=(High-Low)/Close, Ret=pct_change, 2Red=2 consecutive down candles",0.02% RT (0 commission + SEC/FINRA + exchange + slippage 0.01%),25% short-term capital gains,,MINED_VECTORIZED_2026-08_OOS_OK
4,XLE,US,1d_5y,Price>SMA50+Range<1%,LONG,48.89,45,19.52,0.02,18.62,25,13.96,MINER_5y_daily_OOS_OK,"SMA20=Close.rolling(20).mean(), SMA50=rolling(50).mean(), EMA9/20/50=ewm(span,adjust=False), RSI14=Wilder alpha=1/14 adjust=False, Range=(High-Low)/Close, Ret=pct_change, 2Red=2 consecutive down candles",0.02% RT (0 commission + SEC/FINRA + exchange + slippage 0.01%),25% short-term capital gains,,MINED_VECTORIZED_2026-08_OOS_OK
3,IBB,US,1d_5y,Price>EMA20+SMA20<SMA50,LONG,45.96,235,23.02,0.02,18.32,25,13.74,MINER_5y_daily_OOS_OK,"SMA20=Close.rolling(20).mean(), SMA50=rolling(50).mean(), EMA9/20/50=ewm(span,adjust=False), RSI14=Wilder alpha=1/14 adjust=False, Range=(High-Low)/Close, Ret=pct_change, 2Red=2 consecutive down candles",0.02% RT (0 commission + SEC/FINRA + exchange + slippage 0.01%),25% short-term capital gains,,MINED_VECTORIZED_2026-08_OOS_OK
3,KBE,US,1d_5y,Price>EMA20+SMA20<SMA50,LONG,45.96,235,23.02,0.02,18.32,25,13.74,MINER_5y_daily_OOS_OK,"SMA20=Close.rolling(20).mean(), SMA50=rolling(50).mean(), EMA9/20/50=ewm(span,adjust=False), RSI14=Wilder alpha=1/14 adjust=False, Range=(High-Low)/Close, Ret=pct_change, 2Red=2 consecutive down candles",0.02% RT (0 commission + SEC/FINRA + exchange + slippage 0.01%),25% short-term capital gains,,MINED_VECTORIZED_2026-08_OOS_OK
3,XLB,US,1d_5y,EMA9>EMA20+Price>EMA20+Range<1%,LONG,51.4,214,22.22,0.02,17.94,25,13.46,MINER_5y_daily_OOS_OK,"SMA20=Close.rolling(20).mean(), SMA50=rolling(50).mean(), EMA9/20/50=ewm(span,adjust=False), RSI14=Wilder alpha=1/14 adjust=False, Range=(High-Low)/Close, Ret=pct_change, 2Red=2 consecutive down candles",0.02% RT (0 commission + SEC/FINRA + exchange + slippage 0.01%),25% short-term capital gains,,MINED_VECTORIZED_2026-08_OOS_OK
4,IBB,US,1d_5y,EMA9<EMA50+RSI>50,LONG,47.95,146,20.86,0.02,17.94,25,13.46,MINER_5y_daily_OOS_OK,"SMA20=Close.rolling(20).mean(), SMA50=rolling(50).mean(), EMA9/20/50=ewm(span,adjust=False), RSI14=Wilder alpha=1/14 adjust=False, Range=(High-Low)/Close, Ret=pct_change, 2Red=2 consecutive down candles",0.02% RT (0 commission + SEC/FINRA + exchange + slippage 0.01%),25% short-term capital gains,,MINED_VECTORIZED_2026-08_OOS_OK
4,KBE,US,1d_5y,EMA9<EMA50+RSI>50,LONG,47.95,146,20.86,0.02,17.94,25,13.46,MINER_5y_daily_OOS_OK,"SMA20=Close.rolling(20).mean(), SMA50=rolling(50).mean(), EMA9/20/50=ewm(span,adjust=False), RSI14=Wilder alpha=1/14 adjust=False, Range=(High-Low)/Close, Ret=pct_change, 2Red=2 consecutive down candles",0.02% RT (0 commission + SEC/FINRA + exchange + slippage 0.01%),25% short-term capital gains,,MINED_VECTORIZED_2026-08_OOS_OK
5,IBB,US,1d_5y,EMA9<EMA50+Price>EMA50,LONG,50.67,75,19.05,0.02,17.55,25,13.16,MINER_5y_daily_OOS_OK,"SMA20=Close.rolling(20).mean(), SMA50=rolling(50).mean(), EMA9/20/50=ewm(span,adjust=False), RSI14=Wilder alpha=1/14 adjust=False, Range=(High-Low)/Close, Ret=pct_change, 2Red=2 consecutive down candles",0.02% RT (0 commission + SEC/FINRA + exchange + slippage 0.01%),25% short-term capital gains,,MINED_VECTORIZED_2026-08_OOS_OK
5,KBE,US,1d_5y,EMA9<EMA50+Price>EMA50,LONG,50.67,75,19.05,0.02,17.55,25,13.16,MINER_5y_daily_OOS_OK,"SMA20=Close.rolling(20).mean(), SMA50=rolling(50).mean(), EMA9/20/50=ewm(span,adjust=False), RSI14=Wilder alpha=1/14 adjust=False, Range=(High-Low)/Close, Ret=pct_change, 2Red=2 consecutive down candles",0.02% RT (0 commission + SEC/FINRA + exchange + slippage 0.01%),25% short-term capital gains,,MINED_VECTORIZED_2026-08_OOS_OK
5,XLE,US,1d_5y,Close>Open+Range<1%,LONG,50.0,40,16.75,0.02,15.95,25,11.96,MINER_5y_daily_OOS_OK,"SMA20=Close.rolling(20).mean(), SMA50=rolling(50).mean(), EMA9/20/50=ewm(span,adjust=False), RSI14=Wilder alpha=1/14 adjust=False, Range=(High-Low)/Close, Ret=pct_change, 2Red=2 consecutive down candles",0.02% RT (0 commission + SEC/FINRA + exchange + slippage 0.01%),25% short-term capital gains,,MINED_VECTORIZED_2026-08_OOS_OK
4,XLB,US,1d_5y,EMA9<EMA50+Price>EMA50,LONG,52.7,74,16.91,0.02,15.43,25,11.57,MINER_5y_daily_OOS_OK,"SMA20=Close.rolling(20).mean(), SMA50=rolling(50).mean(), EMA9/20/50=ewm(span,adjust=False), RSI14=Wilder alpha=1/14 adjust=False, Range=(High-Low)/Close, Ret=pct_change, 2Red=2 consecutive down candles",0.02% RT (0 commission + SEC/FINRA + exchange + slippage 0.01%),25% short-term capital gains,,MINED_VECTORIZED_2026-08_OOS_OK
5,XLB,US,1d_5y,EMA9>EMA20+Range<1%,LONG,50.21,233,15.92,0.02,11.26,25,8.45,MINER_5y_daily_OOS_OK,"SMA20=Close.rolling(20).mean(), SMA50=rolling(50).mean(), EMA9/20/50=ewm(span,adjust=False), RSI14=Wilder alpha=1/14 adjust=False, Range=(High-Low)/Close, Ret=pct_change, 2Red=2 consecutive down candles",0.02% RT (0 commission + SEC/FINRA + exchange + slippage 0.01%),25% short-term capital gains,,MINED_VECTORIZED_2026-08_OOS_OK
74,BANKBEES.NS,India,1d_5y,EMA9<EMA50+Price>EMA50,LONG,50.67,75,19.05,0.12,10.05,25,7.54,MINER_5y_daily_OOS_OK,"SMA20=Close.rolling(20).mean(), SMA50=rolling(50).mean(), EMA9/20/50=ewm(span,adjust=False), RSI14=Wilder alpha=1/14 adjust=False, Range=(High-Low)/Close, Ret=pct_change, 2Red=2 consecutive down candles",0.12% RT (brokerage + STT + exchange + GST + stamp + slippage),25% short-term capital gains,,MINED_VECTORIZED_2026-08_OOS_OK
